id,id_str,screen_name,location,age,in_out_ratio,favorites_ratio,status_ratio,account_rep,avg_tpd,hashtags_ratio,user_mentions_ratio,mal_url_ratio,bot
4303727112,4303727112,mattlieberisbot,,88621120.44218493,1,0,1.1309267982611957,1,3.5587188612099645,0,0,0,1
3063139353,3063139353,sc_papers,,111771716.38134289,1,0,1.297873958605637,1,2.577319587628866,0,0,0,1
2955142070,2955142070,lucarivera16,"Dublin, United States",116532674.4619019,1,0.14235320760121561,0.16459589628890556,1,1.728813559322034,1.4852941176470589,1.803921568627451,0,1
2482834658,2482834658,_all_of_us_,in a machine.,137168823.0550089,1,0,3.822116340458426,1,15.873015873015873,0,0,0,1
3333573622,3333573622,KatamariItems,,102005431.88150597,4727.5,0.011011178319452232,2.5876269050712746,0.9997885164428466,4.608294930875576,0.003,0.078,0,1
2996105102,2996105102,AutophagyPapers,,114460469.02375293,1,0.018871144058930554,11.076606716829879,1,8,0,0,0,1
3271095818,3271095818,HSC_papers,,100389091.2578249,45.666666666666664,0,4.106167262151302,0.9785714285714285,4.672897196261682,0,0,0,1
2717905134,2717905134,everycheese,cheese land,129142645.10930109,48,0,0.07426206883003732,0.9795918367346939,3.9642857142857144,0,0,0,1
2826073429,2826073429,gyr_papers,,125292867.14365792,1,0,0.25514620846968267,1,1.3857677902621723,0.005405405405405406,0,0,1
1027583707,1027583707,AjstyleAlen,,180525839.03684902,0.013333333333333334,0,0.00047860184703179246,0.013157894736842105,1,0,0,0,1
394991274,394991274,Rupesh93505,,217519047.46942592,0,0.01588826376451363,0.04329551875829964,0,1.4342105263157894,0.1743119266055046,1.1926605504587156,0,1
3032363298,3032363298,hard_to_yelp,,112248017.66682792,1,0,18.01770082036544,1,22.727272727272727,0,0,0,1
2568851552,2568851552,fuckeverywordza,,133841191.87903595,1,0,20.4772115484223,1,43.47826086956522,0,0,0,1
2835723644,2835723644,ecin_gnihtaseod,,124630407.02847409,1,0,14.909029379768285,1,37.03703703703704,0,0.032,0,1
1918202534,1918202534,tofu_product,,156192919.3410759,0.8205200413029193,0.18309664817487756,36.51035670539711,0.45070640404248735,7.352941176470588,0.177,0.97,0,1
2475875424,2475875424,onetruewiseman,AMERICA,137539590.5314169,5,0.002512731051944333,3.9135786134032986,0.8333333333333334,33.333333333333336,0.413,0.004,0,1
1909219404,1909219404,everycolorbot,the RGB color space,156452980.22220802,1,0.0011044851926411024,23.8673727703779,1,23.25581395348837,0,0,0,1
4040207472,4040207472,himawari8bot,Space,90692775.57851005,1617,0.008574001567818979,10.322145220813182,0.9993819530284301,6.410256410256411,0,0.001,0,1
3369547257,3369547257,emoji__polls,‰÷•ü,100130614.6175251,241.5,0.00431436480890621,19.572547392083912,0.9958762886597938,23.25581395348837,0,0,0,1
2555847008,2555847008,everytrolltroll,,134406069.81978202,27,0,0.09321007612824429,0.9642857142857143,72.5,0,2.268965517241379,0,1
2520449720,2520449720,hyphizer,#botALLY,135746491.29271102,86,0,3.6177553859645855,0.9885057471264368,5.9523809523809526,0,0,0,1
2886558632,2886558632,par_papers,,121817254.08459997,1,0,18.513791145166792,1,9.345794392523365,0,0,0,1
2787206222,2787206222,everyMTGlegend,The Coast Where Wizards Chill,126968182.26288104,0.8636363636363636,0,0.12861174909309492,0.4634146341463415,3.5384615384615383,0,0.010869565217391304,0,1
2364079946,2364079946,assembly_papers,,143177222.640378,1,0.013275854671202063,18.261541548178037,1,27.027027027027028,0,0.001,0,1
3369559252,3369559252,DeepDreamThis,"London, England",100134964.72483897,570,0,20.879755695178954,0.9982486865148862,41.666666666666664,0.577,0.956,0,1
1184955668,1184955668,baron777111,,175681866.2991581,0.013513513513513514,0.007376970812645623,0.007376970812645623,0.013333333333333334,2,0.16666666666666666,1.0833333333333333,0,1
4855573727,4855573727,BestOpinionPoll,,82737892.344244,1,0.002088523107176074,3.604790882985904,1,3.787878787878788,0,0,0,1
2593449065,2593449065,dstroyeveryword,,134412336.58354402,1943,0.36446654559532193,71.58585770153196,0.9994855967078189,62.5,0,0.003,0,1
7.61E+17,"""761165367985246208""","""917_7513""","""""",66373016.4541471,0.019230769230769232,0.02212947487499985,0.06248322317647017,0.018867924528301886,1.3714285714285714,0.08333333333333333,1.5625,0,1
1892842986,1892842986,snowcloneminute,,156848228.32730103,80.5,0.03525446260356335,462.40579427300963,0.9877300613496932,500,0,0,0,1
2751246980,2751246980,BklynMuseumBot,"Brooklyn, NY",128089999.43685102,1351,0,3.8211882438277636,0.9992603550295858,3.745318352059925,0,0,0,1
2835394560,2835394560,vaporfave,,124721663.7172029,7.813084112149533,0.0048491976612125625,15.464091341606862,0.8865323435843054,12.048192771084338,0.011,0.233,0,1
4452780559,4452780559,UcOVJ4xlZaGwtKm,,87449418.57143593,0.06043956043956044,0.0019759994156947156,0.0019759994156947156,0.05699481865284974,1,0,0,0,1
2821046862,2821046862,moonmurmur,the sky and all of space,125494860.85004997,1,0,8.725724643883407,1,18.51851851851852,0,0.028,0,1
2477378850,2477378850,AttentiveBot,Tended to by @dphiffer,137447949.602458,0.5785498489425982,0.03960190032476598,16.389529320121007,0.36650717703349284,333.3333333333333,0,0.934,0,1
201143023,"""201143023""","""Ttimmson74""","""Virginia, USA""",249910439.990129,0.021739130434782608,0.004840133929770109,0.010717439415919527,0.02127659574468085,1.55,0.25806451612903225,0.9354838709677419,0,1
8.21E+17,"""820930460121300992""","""LondonPogoMap""","""London""",52120777.38980007,1,0.021549947185166275,903.7185851571328,1,1000,0,0,0,1
2787454512,2787454512,CrisprPhages,,126953348.60622191,67,0,0.6737593055958819,0.9852941176470589,1.6981132075471699,0,0.00101010101010101,0,1
2360241721,2360241721,phy_papers,,143392190.69939804,2156,0,12.132208814962356,0.9995363931386184,8.771929824561404,0,0,0,1
177684507,177684507,rnomics,France,255040544.17599392,19.734513274336283,0.05792961290815291,53.88063785857254,0.9517712334613743,38.46153846153846,1.678,0.701,0,1
2293077919,2293077919,DiGRAThemes,Snowbird,146871909.49637294,1.75,0,9.84054204072081,0.6363636363636364,2.380952380952381,1,0,0,1
3069631373,3069631373,super_jeopardy,,111215406.77041411,103,0,3.4477525293915017,0.9903846153846154,11.904761904761905,0,0,0,1
2398623474,2398623474,Speed_1994,"LA, FIRST TIME!",141405462.61181808,62.57142857142857,0.0006110089271245668,15.087643437486927,0.9842696629213483,23.25581395348837,0,0,0,1
8752222,8752222,TheUniverse,Los Angeles,347398818.4394169,12.820388349514563,1.691446167375129,1.0763974433759091,0.9276431331225852,3.1645569620253164,0.077,1.088,0,1
2553194245,2553194245,everywordNYT,,134515154.22725892,1,0.0006423068129114289,34.57280651177057,1,83.33333333333333,0,0,0,1
1945747520,1945747520,Exoriders,,155483884.22042203,102,0,10.985884540795682,0.9902912621359223,22.727272727272727,0,0.999,0,1
2479314061,2479314061,onlymanthings,MANLAND,137330963.11039996,1,0,3.5319755211362645,1,11.904761904761905,0,0,0,1
302049050,302049050,Lake5Media,"New York, NY 10022",230783757.35768795,0.8181818181818182,0,0.008236281538019946,0.45,2.4444444444444446,0.8636363636363636,0.18181818181818182,0,1
3384759783,3384759783,crystalliser,,99267114.88633108,1,0,0.05483386926509254,1,6.3,0,0.9047619047619048,0,1
393504310,393504310,SeethingVortex,New York Capital Territory,217728556.82914305,0.7926829268292683,83.61883376780409,12.755126109522243,0.4421768707482993,29.41176470588235,0.025,1.004,0,1
174958347,174958347,Horse_ebooks,,255692484.855433,11.187781395026668,0.0003379059030571432,6.361078625050721,0.9179506123724817,8.064516129032258,0,0,0,1
2305621754,2305621754,FMKVote,The Internet,146247962.35862494,657,0,1.521842741673414,0.9984802431610942,6.802721088435374,0,0.001,0,1
1885568064,1885568064,BoazimBot,"Boston, MA",157026163.10307193,1,0,23.237177346076393,1,23.25581395348837,0,0,0,1
2808482336,2808482336,ClipArtBot,,126027020.82693696,1359,0,46.07560475442789,0.9992647058823529,55.55555555555556,0,1.179,0,1
2533978033,"""2533978033""","""MBPoGoAlert""","""Myrtle Beach, SC""",135267246.20798612,64.6,0.0006387355581051149,14.524207855752207,0.9847560975609756,55.55555555555556,0,0,0,1
2607163646,2607163646,tiny_star_field,,132047100.73829699,25.368442050668264,0.24340405673653961,8.022519192598688,0.9620758785036123,7.874015748031496,0,0,0,1
516047986,516047986,pentametron,Stratford-upon-Internet,205685762.732373,12515.5,0.05376745503960633,22.507980807712702,0.9999201054607918,2.849002849002849,0.022,0.939,0,1
2359455914,2359455914,ArkhamSingles,"Arkham, Massachusetts",143435827.27568793,40,0.0030117998285720004,16.498037100951706,0.975609756097561,22.727272727272727,0,0,0,1
8.12E+17,"""812169101665669122""","""VegasPokeMap""","""Las Vegas""",54211001.29647589,1,0.004781317330452074,569.6349903429557,1,500,0.085,0,0,1
2815184227,2815184227,literaldevices,,125717109.61019802,38,0.0006872572895439154,2.964827947092451,0.9743589743589743,2.985074626865672,0,0,0,1
2583829850,2583829850,emojicheer,Internet,133163820.05536509,65,0.0006488248832458979,0.4178432248103582,0.9848484848484849,2.824561403508772,0,0,0,1
2365773044,2365773044,EuphemismBot,,143080657.38133097,64.5,0,3.702840130151152,0.9847328244274809,2.881844380403458,0,0,0,1
2369366659,2369366659,NK_papers,,142889884.4694891,117.66666666666667,0.0030233070843600817,8.172603710442173,0.9915730337078652,9.174311926605505,0.001,0.008,0,1
2216299843,2216299843,oliviataters,,151186968.19882298,1.2810357958872811,45.08960052056307,29.796853880128747,0.5616026711185309,27.77777777777778,0.093,0.51,0,1
2207864359,2207864359,FreeFlattery,inside the internet,151612995.1968751,1.3043478260869565,0.0011397439894622013,0.09687823910428713,0.5660377358490566,3.4,0,0.7588235294117647,0,1
2250599918,2250599918,everyboolean,,149387097.10914612,1,0,0.0011567264063893537,1,1,0,0,0,1
1973382756,1973382756,ColBertStephens,"America, USA",154453707.168298,5,0,7.692743811615519,0.8333333333333334,11.627906976744185,0.001,0.002,0,1
3408893381,3408893381,IFClueBot,,97631731.18026304,2.6363636363636362,0,3.964612686067472,0.725,3.952569169960474,0,0,0,1
206616788,206616788,dejiwall,,248856868.64231992,0.688,0.01874812628421292,0.001388750095126883,0.4075829383886256,1,0.75,0.25,0,1
7.54E+17,"""753547016962060289""","""PokemonGONewsUS""","""""",68191751.62746501,1,0.0050680616313836645,289.22540819521083,1,333.3333333333333,0.985,0,0,1
2899773086,2899773086,Every3Minutes,,120675484.36856508,1,0,473.6727190207149,1,250,0.258,0,0,1
581817134,581817134,Anuroopjr,Chickballapur,199512944.7404201,1,0.00043305460762163713,0.00043305460762163713,1,1,0,0,0,1
352748863,352748863,ursulaflanagan,,223659929.06983304,0.027522935779816515,0.24414207867762855,0.001158902272203933,0.026785714285714284,-1,-1,-1,-1,1
2838477794,2838477794,hakusongs,hakuland,124390950.45744395,1,0,0.26116369302213904,1,5.529411764705882,0,0,0,1
3321136547,3321136547,thewillthewisp,"Poetry Department, Nereid",102563659.21477199,15.25,0.036223356581108694,18.17570096730235,0.9384615384615385,23.25581395348837,0,0,0,1
2345739343,2345739343,living_newyork,new york,144185128.6064279,2.111111111111111,0,0.25167644091127334,0.6785714285714286,3.4174757281553396,0.10227272727272728,0.9829545454545454,0,1
3041192247,3041192247,soamazingquote,,112570678.89819503,1,0.0007675178016660726,3.3325622948340876,1,2.336448598130841,0,0,0,1
256628776,256628776,trinityadam,United States,238195897.8507471,1.003604153249952,1.5473918876258428,67.38082790181711,0.5008994174932473,83.33333333333333,0.174,0,0,1
18197506,18197506,Cardinal_Fang,,307140229.6914029,245,0,3.6066079689820794,0.9959349593495935,45.45454545454545,0,0.794,0,1
2836032643,2836032643,plzrevisit,,124574577.04018998,2.7065217391304346,0,3.5364647463974093,0.7302052785923754,111.11111111111111,0,0.693,0,1
3795943403,3795943403,dailymoist,,93304937.3688569,3.9235294117647057,0.005555976078207307,341.5295535114553,0.7968936678614098,1.9120458891013383,0,0.002,0,1
1905798763,1905798763,killcodes,,156534936.83892393,1.903225806451613,0,0.34552286596349713,0.6555555555555556,2.5867768595041323,0,0.003194888178913738,0,1
4599110415,4599110415,_emo_ji,,85643096.02363491,102,0.008070703093326397,1.0027848593458049,0.9902912621359223,4.97,0,0.9134808853118712,0,1
2408637672,2408637672,SadisticMedic_,Purification in Progress.,141032192.715693,0.7058823529411765,0.005513634759742869,9.08034382321209,0.41379310344827586,10.416666666666666,1,0,0,1
19108922,19108922,evoldir,,304487709.0998609,442.5217391304348,0.0025537976632908207,5.7224930528428875,0.9977453190863641,6.0606060606060606,0,0,0,1
2250581388,2250581388,everyletterbot,,149389304.91216207,10.642857142857142,0,0.015037221046853644,0.9141104294478528,26,0,0,0,1
2859032146,2859032146,PressXToBot,,121654591.15450001,1,0,2.1540592715255427,1,11.764705882352942,0,0,0,1
3282129691,3282129691,IFinspiration,The IFDB (ifdb.tads.org),99578516.87002301,1,0.004338285139995379,1.9921405362858782,1,1.9841269841269842,0,0,0,1
4848045286,4848045286,taehyungirl30,,82906176.029639,0.21536025336500395,0.944180563484383,0.8399663732543187,0.1771986970684039,13.758620689655173,0.5889724310776943,1.3884711779448622,0,1
3701125272,3701125272,MagicRealismBot,,93349325.68906093,1,0,14.426636615306736,1,5.9880239520958085,0,0,0,1
7.65E+17,"""764507111665598464""","""EpicSGPokemon""","""Singapore""",65580052.35321307,9087.5,0.011857264093231571,803.9132832045836,0.9998899708422732,1000,0,0,0,1
35346943,35346943,pops131,"Taiwan(Sanchong,Taipei)",295983819.46977997,0.9833489892296012,0.03590466539366028,159.83355875583658,0.49580229932784886,166.66666666666666,0.007,0.004,0,1
2888761893,2888761893,face_withface,,119967298.79553795,1,0,1.1235061667072657,1,3.9682539682539684,0,0,0,1
3376432899,3376432899,all_in_cards,,99776587.22103596,316,0.0017318692171460488,8.819543988316253,0.9968454258675079,11.494252873563218,0,0,0,1
3366974463,3366974463,autocompletejok,Search box,100275684.21910906,1059,0,10.31106202916305,0.9990566037735849,7.874015748031496,0,0,0,1
2260367066,2260367066,FalalalaBot,"San Francisco, CA",148787211.4291849,15,0.001161390137903377,0.04355213017137664,0.9375,18.75,0,0.6266666666666667,0,1
1965236348,1965236348,msxs_2016,"Austin, TX",154742427.93467093,1,0.0005583471912207317,1.9106640883573438,1,41.666666666666664,0,0.001,0,1
4866592001,4866592001,CTCF_Papers,,82434708.07242799,47.28,0.007336715494505257,0.46850168943483567,0.9792874896437448,1.3753846153846154,0.0022371364653243847,0.0738255033557047,0,1
2267027040,2267027040,2noob2btrue,USA,148383372.65634298,0.3101851851851852,0.23232791776367773,1.498777093543124,0.23674911660777384,9.174311926605505,0.022,0.581,0,1
544722510,544722510,virus_genome,,203196188.6871879,4.333333333333333,0,1.5668797828198389,0.8125,6.289308176100629,0,0,0,1
2428936177,2428936177,MetaphorMagnet,"UCD, Dublin, Ireland",139982815.34004998,56.76923076923077,6.012326569911517,20.29353098163646,0.9826897470039947,23.80952380952381,1.072,0.034,0,1
2539843980,2539843980,imtherealdontai,,135051973.42276,0.49241540256709454,0.6864557225668518,0.1957646329035011,0.3299452697419859,1.5692307692307692,0.5490196078431373,1.2418300653594772,0,1
2912837156,2912837156,everygothcolor,,119499406.3567791,1,0,7.9683609235434645,1,7.936507936507937,0.777,0,0,1
3434287275,3434287275,best_tv_recaps,TV Land,96515894.30396008,31.666666666666668,0,2.205746540870679,0.9693877551020408,11.235955056179776,0.001,0.002,0,1
3491890817,3491890817,Nucleosome_Bot,,95743240.14516592,94.70588235294117,0.004512067894767312,2.160378108014589,0.9895513214505224,2.8328611898016995,0,0.004,0,1
3326331851,3326331851,think_i_do,,102340177.30707908,182,0.0008442432119376789,9.365189950024673,0.994535519125683,11.11111111111111,0,0,0,1
2708127300,2708127300,wowwwrude,,129480155.34687304,0.7906666666666666,0.0006672837221158506,6.382568802038111,0.4415487714072971,45.45454545454545,0,0.818,0,1
2553350965,2553350965,everywordcup,2014,134512400.3690579,74.33333333333333,0.0006423199627911386,4.017711367258571,0.9867256637168141,3.9682539682539684,0,0.498,0,1
2432961043,2432961043,JargonTron,Sports Hell,139762844.8304701,1.5,0,11.79382976927385,0.6,24.390243902439025,0,0.115,0,1
2788297100,2788297100,MuscleStemCell,,126925378.24498892,73.6,0,5.862997694311618,0.9865951742627346,5.714285714285714,0,0,0,1
2748844394,2748844394,botechre,Rochdale,128153719.56339002,202,0,23.32226649513361,0.9950738916256158,23.25581395348837,0,0,0,1
3185769799,"""3185769799""","""Bedr0ckLearning""","""London, England""",105901857.57211494,0.5445932028836251,0.5400925093410308,3.606055727020175,0.3525803440458728,5.9171597633136095,0.975,0.459,0,1
2925162284,2925162284,twoemoji,,118502756.99661303,2.653295128939828,0.23039463968572765,44.74686778934229,0.7262745098039216,58.8235294117647,0,0,0,1
2553194498,2553194498,everynerd,,134520243.18558598,1,0,0.3994997238137494,1,3.2061855670103094,0,0.770096463022508,0,1
2829712275,2829712275,TumorImm_papers,,123389203.55977511,849,0,23.08356256323656,0.9988235294117647,9.615384615384615,0.001,0.002,0,1
3308085347,3308085347,attribot,,103273322.292943,18.142857142857142,0.0025098446941094676,0.43922282146915687,0.9477611940298507,2.6923076923076925,0,1.1314285714285715,0,1
3089498686,3089498686,baaldraavers,,110504998.89940596,0.09166666666666666,0.38076829481988433,1.972645601294801,0.08396946564885496,3.076923076923077,0.021,0.071,0,1
2461693056,2461693056,MOF_papers,,138343102.4007101,1.9277522935779816,0.03122671043972356,3.461793119347754,0.6584410497453975,13.513513513513514,0.01,0.588,0,1
200798460,200798460,Anthonyswag18,,249991538.96801305,0.2844311377245509,0,2.0577720435003277,0.22144522144522144,2.824858757062147,0.096,0.327,0,1
523538804,523538804,poll_test,The Internets,205024416.44527292,52,0,1194.4700726187402,0.9811320754716981,1000,0,1,0,1
2597380748,2597380748,zorak_ebooks,,132503273.12659788,2.7666666666666666,0,3.622841826264593,0.7345132743362832,4.566210045662101,0,0.009,0,1
4493492963,4493492963,Bot_Nohomo,Satire,86493701.21354008,47,0,51.776847760781656,0.9791666666666666,500,0,0,0,1
2910706257,2910706257,Kozzzy24,"England, United Kingdom",118653923.3715589,0.4327073552425665,0.6946723518099633,0.432531841692996,0.3020207536865101,5.076923076923077,1.5336700336700337,0.3400673400673401,0,1
2558895162,2558895162,riverlevel_1867,,134289651.73800611,6,0,1.7422876369987816,0.8571428571428571,1.697792869269949,0,0.001,0,1
3242809616,3242809616,re3makes,"Los Angeles, CA",102619200.27751398,53.2,0.0008419477034156156,0.47570045242982284,0.981549815498155,6.277777777777778,0,0.03716814159292035,0,1
2600179838,2600179838,SpellerBot,,132372122.874372,1,0,1.4574911681600944,1,5.9171597633136095,0,0,0,1
2992120279,2992120279,BletchleyRoll,"Bletchley Park,Buckinghamshire",114775851.13024497,6.315789473684211,0.006774944314005544,47.4042853650968,0.8633093525179856,47.61904761904762,0,0,0,1
2407089794,2407089794,RootPapers,Underground,141106807.97737694,1,0,12.15419740963147,1,8.403361344537815,0,0,0,1
2564336228,2564336228,DJ_EBOOKS,CLUB TWITTER THE PARTY IS HERE,134073136.42662597,0.625466611364579,1.134831361860973,6.661414984416172,0.38479203878540447,28.571428571428573,0,0.207,0,1
2529158347,2529158347,Popgen_Papers,University of Wyoming,135438999.12159395,1,0,4.797838172272758,1,5.714285714285714,0.011,0,0,1
1968852972,1968852972,AskAndAnswerBot,,154590808.14047408,440,0,32.096211021106214,0.9977324263038548,38.46153846153846,0,1.015,0,1
8.4E+17,"""840335819445551104""","""2UvyAyaFb5jpLby""","""""",47504231.75201392,0.020833333333333332,0,0,0.02040816326530612,0,0,0,0,1
3299372399,3299372399,Botgle,,104041930.41276789,0.7453629032258065,77.1141401180251,117.31796162926729,0.4270532517038235,76.92307692307692,0,0.787,0,1
1581606528,1581606528,hotelbotai,,163284171.77380896,16309,0,11.193932517427147,0.9999386879215205,0,0,0,0,1
2157584160,2157584160,AutoVids,Vineland,153871492.0699551,70,0.0005615075205790535,0.22516451575220048,0.9859154929577465,1.9466019417475728,1,0,0,1
2215833073,2215833073,ParrotFlaubert,,151214477.251122,1,0,0.08913432261923182,1,4.875,0,0,0,1
197288202,197288202,bidoof_bot,Route 201,250792453.84685493,1,0.0006890159466501309,43.90685218433294,1,62.5,0,0.64,0,1
2519434339,2519434339,butt_things,butts,135790668.9655981,0.8950847457627119,49.903564446808765,70.6327177932226,0.47231911278060995,33.333333333333336,0,0.094,0,1
3162970766,3162970766,preprints_metab,,107306314.28986907,1.5,0.012882746082077616,0.023349977273765678,0.6,1.6111111111111112,0.06896551724137931,0.7931034482758621,0,1
860598030,860598030,Jacktheboss434,,187382853.12757802,0.13636363636363635,0.01844352320565325,0.04749207225455712,0.12,1.6885245901639345,0.24271844660194175,1.1067961165048543,0,1
764084202,764084202,buzarun,,191471617.40255594,1,0,0.00045124181417630126,1,1,0,0,0,1
1562113064,1562113064,DPLAbot,Libraries Everywhere,163959212.83251,13,0.0005269603245061965,4.083942514923023,0.9285714285714286,5.882352941176471,0,0,0,1
2312637570,2312637570,i_akari_daisuki,,145913426.13169193,1.002594180013535,0,52.50078627504826,0.500647704871867,62.5,0.055,0,0,1
2824114022,2824114022,wowwwiftrue,,125394524.17579293,0.7966386554621848,0.0006890253028822393,4.724646501863515,0.44340505144995324,52.63157894736842,0,0.795,0,1
3957192304,3957192304,buoypix,the seven seas,91857558.28856897,195,0.0009405867259020303,3.280766499946282,0.9948979591836735,6.756756756756757,0,0,0,1
2999876456,2999876456,erowidrecruiter,The Uncanny Valley,114210822.30134296,1,0.021181880589362972,0.47507932178999807,1,1.3144654088050314,0,0.05263157894736842,0,1
3000753730,3000753730,TVCommentBot,TV Land,114368660.71708608,5.450651769087523,5.6681541598497835,90.83098057515379,0.8449769053117783,125,0,0.024,0,1
1950945236,1950945236,arXiv_grqc,,155312377.970186,120,0,18.84460233144993,0.9917355371900827,27.027027027027028,0,0,0,1
2895992899,2895992899,allnothings,Dresden,121038272.27997589,159,0,16.849810903467453,0.99375,16.949152542372882,0,0,0,1
2383588777,2383588777,memcached_magic,,142155191.2220831,38,0,2.675475983186727,0.9743589743589743,8.19672131147541,0,0,0,1
2256099668,2256099668,PriceOfDogecoin,TO THE MOON!,149084356.53175712,212.25,0.03187457162205852,16.140703531744578,0.9953106682297772,27.77777777777778,2.997,0,0,1
3105987827,3105987827,a_travel_bot,anywhere and everywhere,109630169.65536499,1,0,4.7601495249028085,1,4.975124378109452,0,0,0,1
3168222871,3168222871,TermsofSbot,The back of ur blank check,106936237.38727307,0.46808510638297873,0.015351204045593002,9.47977247720751,0.3188405797101449,11.764705882352942,0.029,0,0,1
2789749526,2789749526,pseudo_papers,,126861700.79700089,21.17142857142857,0,10.386113316487627,0.9548969072164949,8.403361344537815,0,0,0,1
3315333763,3315333763,lncRNA_papers,"Boulder, CO",97121644.62541509,62.8,0.0008896060227690026,5.292266229452797,0.9843260188087775,7.633587786259542,0.002,0.01,0,1
3170956028,3170956028,snailsnake,chutes and shells,106808242.35687494,143.5,0.001617852669297084,16.885528309453665,0.9930795847750865,16.39344262295082,0,0,0,1
161859875,161859875,duane_persaud,"New Jersey, USA",258668221.4577601,0.49166666666666664,0.6703753519576297,0.3617421555406641,0.329608938547486,1.7452006980802792,0.319,1.404,0,1
4494416373,4494416373,ValentinoBot,,86491265.81579494,122.875,0,42.25836176087657,0.9919273461150353,45.45454545454545,0,0,0,1
2784743756,2784743756,relations_js,,127089457.14374709,1,0,0.050987706971402556,1,2.272727272727273,0,0,0,1
2605381224,2605381224,bandname_exe,,132134377.98664403,1,0,9.197473197496272,1,23.25581395348837,0.038,0,0,1
3307268018,3307268018,genie_nelson,"Brier, WA",97883925.16957498,0.07407407407407407,0,0.0017653562594740634,0.06896551724137931,1,0,0,0,1
2409784321,2409784321,ManyJams,Everywhere,140986335.5851879,138,0,5.4614994907414,0.9928057553956835,3.9682539682539684,0.997,0,0,1
2867430136,2867430136,mozerablebot,,121237886.99868393,40,0,2.870548214056039,0.975609756097561,4.784688995215311,0,0,0,1
2654817222,2654817222,oiledits,,131068625.5976119,14.109756097560975,0.013843129823992438,0.40474674818720746,0.933817594834544,17.02777777777778,0.0016313213703099511,0.08156606851549755,0,1
3982731976,3982731976,mcgucket_bot,,91576661.11280608,178.85714285714286,0,45.768761921086046,0.9944400317712471,45.45454545454545,0,0,0,1
2768374981,2768374981,ducknoteprice,,127689377.59912395,1,0,0.7104741342291765,1,10,0,0,0,1
3304189373,3304189373,robotrecipes,robot kitchen,103668769.4142561,74.84615384615384,0,7.811679492055743,0.986815415821501,7.936507936507937,0,0,0,1
3224289024,3224289024,everyumlaut,,104306225.98117805,1,0,46.92242245331714,1,45.45454545454545,0,0,0,1
2602217174,2602217174,Hedgehogize,Moebius,132278379.50040793,1.4047619047619047,0.007184847619009946,3.052253902148498,0.5841584158415841,5,0,0.678,0,1
2215073972,2215073972,pony_strategies,,151256637.039706,34.666666666666664,0,8.531090107875826,0.9719626168224299,9.433962264150944,0,0,0,1
2903085721,2903085721,imgconvos,,120435420.81267595,37.5,0,3.7548554814565285,0.974025974025974,20,0,2.009,0,1
2529023630,2529023630,cgagraphics,#botALLY,135448037.504642,111.27272727272727,0.0025515319850105303,45.987536731837295,0.9910931174089069,38.46153846153846,0,0.991,0,1
4629779173,4629779173,ngthaohuong97,,85919163.161021,0,0.0010055963864321847,0,0,0,0,0,0,1
1669431482,1669431482,TheYearofLuigi,On the track,160246308.14642906,43.09090909090909,0.0026958499387408617,25.020183281453935,0.977319587628866,13.88888888888889,0.183,1.004,0,1
3240509924,3240509924,litpatches_txt,,102868415.2174449,1,0.01427843519213577,2.8850838167639044,1,7.936507936507937,0,0,0,1
2553103718,2553103718,everysimile,,134531973.475415,158,0,85.05005690778005,0.9937106918238994,58.8235294117647,0,0,0,1
715885903,"""715885903""","""lenirvana666""","""""",193484870.43403912,0.17647058823529413,0.033937537262059725,0.003125825800452869,0.15,2.3333333333333335,0.14285714285714285,0.2857142857142857,0,1
2657893981,2657893981,DrPhilRx,,130977439.47549796,48,0,0.795544640491254,0.9795918367346939,3.4364261168384878,0.152,0,0,1
2580987373,2580987373,libraryofemoji,,133317793.79109693,1,0,7.7710736919589385,1,7.936507936507937,0,0,0,1
148727987,148727987,wrap_papers,"Coventry, United Kingdom",261733086.05383992,0.8144736842105263,1.1431615487025293,5.761032442378441,0.44887599709934733,4.587155963302752,0.902,0.633,0,1
616485017,616485017,BloombrgNewsish,,196212401.49673605,158.75,0.04227255737521757,6.620939298893451,0.9937402190923318,18.51851851851852,0,0,0,1
3345365117,3345365117,OliverBarkBark,,101467390.1872499,41.45,0.005960535684261616,2.912998939408427,0.9764428739693758,55.55555555555556,1.132,0,0,1
2202165600,2202165600,jargotron,Internet?,151876868.7873001,8.4,0.001706645666780261,1.3630410058685019,0.8936170212765957,5.405405405405405,0,0,0,1
2238074461,2238074461,Games4Grownups,,150079721.8271861,1,0,0.028784701539988168,1,1.8518518518518519,0,0,0,1
2865812463,2865812463,Lowpolybot,The Internet,121318638.86323309,99.44642857142857,0.010682612434030255,380.3914487700852,0.9900444444444444,333.3333333333333,2.438,0.997,0,1
2579497028,2579497028,poem_exe,,133389507.95816898,605.8620689655172,0,13.353542023399564,0.9983521791010853,10.1010101010101,0,0,0,1
4827186013,4827186013,HigherEdSurge,"Silicon Valley, CA",82680178.262357,1.3117724217084767,1.2686184549236104,15.856685696055075,0.5674314692010355,19.607843137254903,1.845,0.158,0,1
2951514519,2951514519,myah581,"ø_™‹™‰™‹™_™šøÂ™_ø©, ™ƒøµø±",116733544.67446089,0.5278688524590164,0.18725722808263512,11.054097634048047,0.34549356223175964,19.607843137254903,0,0,0,1
2873849441,2873849441,starnearyou,"Orion‰ÛÒCygnus Arm, Milky Way",120889804.453938,109,0,2.4607137164602277,0.990909090909091,2.881844380403458,0,0,0,1
3772896857,3772896857,wayback_exe,The ancient web,93500083.14071107,9700,0,11.392777035255788,0.9998969178435213,11.363636363636363,0,0,0,1
2834773720,2834773720,low_battery_tho,,123182036.65121698,1.0285714285714285,0,0.006312608730457434,0.5070422535211268,3,0,1,0,1
2216000610,2216000610,faq_walkthrough,,151212413.6835239,486,0,0.1605582465657406,0.997946611909651,1.8609271523178808,0.0035587188612099642,0,0,1
2837739489,2837739489,AutoNetflix,On Your Screen,122933224.71243405,4.6461538461538465,0,8.122497415452607,0.8228882833787466,11.764705882352942,0,0,0,1
1917949477,1917949477,VoynichTechNews,,156217362.00390697,1,0,6.483151341236133,1,7.8125,0,0,0,1
7.7E+17,"""770306839628091392""","""NMBPoGoAlert""","""North Myrtle Beach, SC""",64209237.21914601,60.75,0,93.64708662520961,0.9838056680161943,76.92307692307692,0,0,0,1
2389455080,2389455080,ButtlawMcButt,,141880570.7885921,5.333333333333333,0,0.8866499429822904,0.8421052631578947,32.25806451612903,0.033,0,0,1
3227021524,3227021524,dronesweetie,anywhere,106185358.43447995,17.774193548387096,0.004068357505866112,1.9284014577805373,0.9467353951890034,5.813953488372093,0,0,0,1
2836962348,2836962348,ARealRiver,,124515621.23164606,1,0,24.44570383933795,1,23.80952380952381,0,0,0,1
2758649640,2758649640,tiny_astro_naut,,127902405.46167397,7408,6.9598315746043,9.394387819860428,0.999865029018761,8.620689655172415,0.009,1.028,0,1
3257695526,3257695526,armspirits,,101294918.40611601,2.309090909090909,4.7083112115049985,1.1694012085096652,0.6978021978021978,2.1052631578947367,0.014,0.517,0,1
2526900595,2526900595,epigen_papers,"Rennes, France",135521560.258646,3040,0.0031876846693287626,25.005473620082547,0.9996711608023676,9.433962264150944,0,0,0,1
3297361261,3297361261,tardygram,"London, England",98709535.0851891,1,0.0008752953797769828,0.26521450007242575,1,13.173913043478262,0,0.9405940594059405,0,1
345689601,345689601,SharksOnCouches,"Nashville, TN __Washington, DC",224626219.2805469,0.3937298294144767,40.02668623813072,7.215827276047513,0.28250082699305323,3.8314176245210727,0.013,1.055,0,1
2706729062,2706729062,adventvrecall,Perdition,129536208.43541408,4.909090909090909,0.03668472357957981,1.3293209835291375,0.8307692307692308,13.88888888888889,0.143,0.68,0,1
2216213125,2216213125,greatartbot,,151204341.53815198,1,0,3.651895139933353,1,3.952569169960474,0,0,0,1
1890833028,1890833028,dtufreak,"Copenhagen, Denmark",156915839.77495408,1,0.0005506136290887736,0.008259204436331605,1,13,0.3076923076923077,0.8461538461538461,0,1
2567065662,2567065662,bot_things,,133949285.70415592,30.4,0.003225101184594049,2.255635768505078,0.9681528662420382,14.492753623188406,0,0.058,0,1
2538521768,2538521768,MuzeumBot,,135111401.46988702,1,0,0.6797590654884116,1,3.134796238244514,0,0,0,1
2794753213,2794753213,fantasy_florist,An Imaginary Nursery,126663891.97649598,38.2,0.0013642404106141404,24.204353365116077,0.9744897959183674,23.80952380952381,0,0.001,0,1
2669362848,2669362848,hypoxiapapers,,130666338.11039901,1,0.0006612261524234443,15.203572922672254,1,9.174311926605505,0,0,0,1
2469697044,2469697044,netflixtaglines,,137904902.21949506,1,0,90.7267994004007,1,83.33333333333333,0,0,0,1
2869819060,2869819060,MythologyBot,Collective Unconscious,121120687.816396,1559.142857142857,0.05064700432760911,7.605610706210822,0.9993590330555809,8,0,0.004,0,1
2796646086,2796646086,THMarcella,"Seattle, WA",126575216.46382499,0.6875,0.011604167395753819,0.003412990410515829,0.4074074074074074,1,0.4,0.6,0,1
2907425432,2907425432,FFD8FFDB,,120016430.55878806,1,0.0007199014301435868,54.883125329856625,1,43.47826086956522,0,0,0,1
1431116617,"""1431116617""","""DuniaOnePiece""","""Indonesia""",168061209.03610992,75.53917050691244,0.4626885671356342,27.380881206270974,0.9869347943885846,5.847953216374269,0.311,0.455,0,1
2159821603,2159821603,wz77,In the past,153780682.50736904,1,0,23.85287891945874,1,28.571428571428573,0,0,0,1
3068667437,3068667437,scell_papers,"Vienna, Austria",111279951.5278709,88.35483870967742,0,1.5326534353969734,0.9888086642599277,2.816901408450704,0.496,0,0,1
3035152834,3035152834,bouquetbot,,112847282.46478891,90,0,2.002905121534712,0.989010989010989,1.996007984031936,0,0,0,1
3327104705,3327104705,censusAmericans,,102321584.2316401,1,0,22.537790216181016,1,23.80952380952381,0,0,0,1
7.71E+17,"""770720756242219009""","""3461holley""","""""",64111960.537122965,0.05825242718446602,0,0.002695284913334432,0.05504587155963303,2,0,0.5,0,1
187230074,187230074,isu_bot2_fs,"Lausanne, Switzerland",252995137.32702088,40.23255813953488,0.0017075427004812265,0.13421285625782442,0.975747320924986,1.6239669421487604,0.926208651399491,0.05343511450381679,0,1
3227013130,3227013130,HaikuMurakami,"New York, NY",106186928.72061801,1,0.004881956811877767,5.859975493190613,1,5.9523809523809526,0,0,0,1
2887281063,2887281063,fullmetaliberty,"Pensacola, FL",120095273.30293107,0.8955773955773956,0.5338161797449804,1.999292673195823,0.47245625405055086,2.4630541871921183,0.232,0.309,0,1
2364212785,2364212785,cancerSL,,143188517.67131996,70,0,0.6534825663520498,0.9859154929577465,1.5337423312883436,0.011,0.001,0,1
2361303974,2361303974,phylogeo_papers,,143353493.59794497,1,0,1.4513158680562668,1,3.3222591362126246,0,0,0,1
390583023,390583023,asdfghjkl0l2,Twerking With Nick ;) ,218128241.87059903,0.4425897824987355,1.0785728522928653,5.360384285743425,0.3068022440392707,1.8018018018018018,0.65,0.553,0,1
2824664324,2824664324,sexyeveryword,sexy everywhere,125381271.94729996,1,0,0.6105409429262731,1,19.26086956521739,0,0,0,1
2497712840,2497712840,Sexkitten0422,,136487250.21970797,0.6508313539192399,0.022155915626786888,46.99269704441499,0.3942446043165468,-1,-1,-1,-1,1
195370058,195370058,kanyejordan,,251189140.7532971,883,0,0.24352645109001222,0.998868778280543,5.709677419354839,0.04096045197740113,0.04096045197740113,0,1
4706049494,4706049494,someboxes,,84831646.811023,1,0,23.882521159977564,1,23.80952380952381,0,0,0,1
1098813444,1098813444,mahireyvazov,,178253342.1424389,0.08185840707964602,0.15462038281434323,0.0033929237608163088,0.07566462167689161,1.4,0,0.8571428571428571,0,1
224383150,224383150,mlegoudes262,,244854219.678792,0.055080721747388414,0.0007057260447734364,0.0017643151119335911,0.052205220522052204,1.3333333333333333,0.25,0,0,1
163803902,"""163803902""","""1lovetakes2""","""""",258206871.4501691,0.07692307692307693,0,0.00033461541714498557,0.07142857142857142,1,1,0,0,1
2823014245,2823014245,coolbot420,,125445416.32577705,15.375,0,23.134281705944375,0.9389312977099237,23.25581395348837,0,0,0,1
356900531,356900531,topbiopapers,,223108530.218467,201.5,0.0007745109513777663,2.1388119922297015,0.9950617283950617,5.617977528089888,0,0,0,1
2384073290,2384073290,bionet_papers,@heathermvincent,142134314.78357697,1,0,3.860618745272926,1,4.672897196261682,0,0,0,1
2147957118,2147957118,pizzaclones,,154305717.70139503,1,0,11.608974875879179,1,11.904761904761905,0,0,0,1
2488961221,2488961221,DistractedGenie,,136937968.322227,162,0,3.1155946391439904,0.9938650306748467,3.2051282051282053,0,0,0,1
3352995195,3352995195,space_stories,SPACE,100953221.19661903,15.538461538461538,0.07616993206213343,4.091780283023145,0.9395348837209302,3.9682539682539684,0,0.003,0,1
2367592460,2367592460,CantorLogical,Germany,142992115.98301792,2,0,0.8217515993256234,0.6666666666666666,2,0,0,0,1
2598993007,2598993007,sg_ebooks,,132432512.16168094,16.6,0,3.642392582654436,0.9431818181818182,4.608294930875576,0,0,0,1
2420779892,2420779892,scientificpaper,,140418754.3108399,77.25,0,69.23936654841448,0.987220447284345,34.48275862068966,0,0,0,1
2419923152,2419923152,allemptysets,,140465080.81769204,1,0,0,1,0,0,0,0,1
4180417402,4180417402,ahouseofdust,,89261930.11705208,4.761904761904762,0.012583191944506592,23.229540267401052,0.8264462809917356,23.80952380952381,0,0,0,1
87257462,87257462,NY_Now,New York,279423644.5487821,1.8847337817808687,0,59.32277358549058,0.6533475614575923,3.6496350364963503,0.2,1.041,0,1
2154978907,2154978907,_LostBuoy_,Pacific Ocean,153992562.3558421,7.527777777777778,0,6.632922943640139,0.8827361563517915,7.092198581560283,0,0,0,1
553782591,553782591,spear_one,,202277596.7482531,0.17391304347826086,0.003417086277034628,0.0021356789231466427,0.14814814814814814,1.6666666666666667,0,0,0,1
3538441102,3538441102,kordeidangerouz,ill_a,95382974.34712791,1.3430299539170507,3.6214764989701873,65.28168829521822,0.5732022126613399,33.333333333333336,0,0.547,0,1
41784439,41784439,AllTheCheeses,,293716851.02016306,0.6719546742209632,0,5.372848015082617,0.4018976618095561,111.11111111111111,0.108,1.169,0,1
1213590199,1213590199,fly_papers,,175048236.8430419,1,0.05330644951520922,9.757054574228295,1,12.195121951219512,0,0,0,1
2436268172,2436268172,Eyescaler,,139610503.11828995,1,0,0.9245837320035373,1,6.944444444444445,0,0.653,0,1
42503545,42503545,AllOilPainting,United States,293411496.49577093,1,0,0.36013312791757984,1,1.1614401858304297,0.001,0.001,0,1
3033319478,3033319478,helpmeetgoal,,112234445.1434331,0.06740914419695193,0.005388720006831051,0.013856708588994132,0.06315211422295441,2.5714285714285716,0,0.7777777777777778,0,1
2616681584,2616681584,NaiveAnswers,,131664299.25191903,1,0,0.4416322445064963,1,14.630434782608695,0.05200594353640416,1,0,1
2801421163,2801421163,sponge_papers,,126384830.23818803,1,0,0.9064885380950014,1,2.070393374741201,0,0,0,1
3424772890,3424772890,CitiBikeDocks,"New York, USA",97052006.72020602,5.4,0.0008902443434176998,100.35368385610363,0.84375,125,4.995,0,0,1
3012013796,3012013796,likeuberbut,Silicone Valley,113429224.08464098,2339,0.0015234169271144489,7.530249870726721,0.9995726495726496,7.874015748031496,0,0,0,1
2709947906,2709947906,vox_ebooks,,129461772.7454791,1,0,3.4056323395694927,1,6.451612903225806,0,0,0,1
3066047482,3066047482,synbio_papers,AI Lab @ UPM - Madrid,111429392.17532206,23.08,0.0,4.95699733451771,0.9584717607973422,5.9171597633136095,0.0,0.0,0.0,1
2842044927,2842044927,nice_tips_bot,,122655463.12453294,1,0.0,22.365790565844772,1.0,52.63157894736842,0.0,0.192,0,1
2646440287,2646440287,quantifiedinky,,131365735.3383379,8.0,0.0,0.16968808451144501,0.8888888888888888,2.5544554455445545,0.003875968992248062,0.09302325581395349,0,1
2980456333,2980456333,ididmorepushups,,115559718.9952519,6912.0,0.03289727625727612,0.09196284044647642,0.9998553450021698,1.7428571428571429,0.05737704918032787,0.6885245901639344,0.0,1
2651152393,2651152393,assignments_txt,,131222272.92671108,1,0.0,1.6440867482953396,1.0,2.0120724346076457,0.0,0.0,0,1
436266454,"""436266454""","""TwitterMovies""","""""",212916038.84691906,21518.15243902439,0.975933993161487,2.9870478684664055,0.9999535297682921,4.694835680751174,0.654,1.347,0.0,1
2245577389,2245577389,BotMtGFlavor,Tweets every 30 minutes,149711537.74093008,43.0,0.0,1.5062566546489276,0.9772727272727273,43.47826086956522,0.0,0.0,0.0,1
1289612510,1289612510,YCPRProf,ëÔë£ë_-‰_Ò•ü-Gamma Iota Advisor,172753395.7242651,1.488888888888889,1.350864329014293,3.923058051383974,0.5982142857142857,2.949852507374631,0.519,0.758,0.0,0
19980906,19980906,bandofhorses,,303060172.74439096,25.37460167591172,0.5764558187173849,0.6363251173972321,0.9620847354478413,3.076923076923077,0.348,1.821,0.0,0
378223565,378223565,sparker,SF / LA / NYC,220016454.51851296,682.6160267111853,0.011780937047060269,0.20106132560316192,0.9985371905266602,4.544642857142857,0.3005893909626719,0.7917485265225933,0.0,0
3730217123,3730217123,gitamonte,"Campinas, Brasil",93886714.73584604,0.7884615384615384,0.9285403184601527,1.4263998945621772,0.44086021505376344,3.3112582781456954,0.011,0.303,0.0,0
14664315,14664315,junecohen,New York City,326723491.9173031,38.35600907029478,0.028559929820907454,0.9062488842245356,0.9745909195667204,4.166666666666667,0.697,0.718,0.0,0
595822244,595822244,larryellison,,198244239.00220895,3700.185185185185,0.0013074780952253137,0.0008716520634835424,0.9997298162750671,1.0,1.0,2.0,0,0
15014405,15014405,PleasureEllis,"Silicon Valley, CA",324101008.841146,1.7952545108664322,3.1203605432023873,43.341421398922456,0.6422508232747527,22.727272727272727,0.084,0.712,0.0,0
1534167900,1534167900,Carl_C_Icahn,,165000583.74225402,3271.0091743119265,0.0015709035333165491,0.19583930715346312,0.9996943773850481,1.5203252032520325,0.0748663101604278,0.5374331550802139,0.0,0
22862179,22862179,LillianSaysSo,"Seattle, WA",300521082.105819,0.4329608938547486,0.0623876363968309,1.9590292829862017,0.30214424951267055,4.310344827586207,0.3,0.213,0.0,0
1468562202,1468562202,SaraRoMenen,"New York, NY",166868167.5959959,0.8943820224719101,0.46185441543644845,0.3893660542692929,0.4721233689205219,2.3929712460063897,0.3364485981308411,0.7369826435246996,0.0,0
16028241,16028241,Readygov,U.S.A.,316805018.71138906,161.9898074745187,1.1871630112735942,1.635246821869164,0.9938646470261256,2.73224043715847,0.916,0.776,0.0,0
18222378,18222378,50cent,NYC,307111286.2617991,3261042.6666666665,0.019130524545397678,3.872805895469771,0.9999996933497057,2.2573363431151243,0.689,0.812,0.0,0
381322696,381322696,WonderboyMMA,Simpsonville South Carolina,219560979.1159799,362.5565476190476,3.2755984369157707,3.2102753541997666,0.9972493962588515,2.7548209366391183,0.597,1.145,0.0,0
11348282,11348282,NASA,,338643737.92105603,102821.03484320558,1.0133977439145845,13.576519170928194,0.9999902744581789,12.987012987012987,0.508,1.34,0.0,0
245857954,245857954,iPoonampandey,Mumbai,240161645.5663681,14080.573770491803,0.202183824504906,6.013709627088983,0.9999289852102969,2.816901408450704,0.596,0.496,0.0,0
4716776414,4716776414,Andrewdiazgonz1,"South Los Angeles, Los Angeles",84685520.23367,0.06074074074074074,0.10916624205048425,0.10304477053363466,0.05726256983240224,3.740740740740741,0.009900990099009901,0.8613861386138614,0.0,0
7.99E+17,"""798680790724972544""","""Defendant_SBS""","""""",57484303.820065975,144.71428571428572,0.04959962651586876,1.345201991869774,0.9931372549019608,8.261682242990654,0.9049773755656109,0.3427601809954751,0.0,0
52926979,52926979,Mah_Sebinelli,Brasil,290244430.2966759,0.76,0.005655922486857108,0.27207963963091564,0.4318181818181818,4.128440366972477,0.2288888888888889,0.6444444444444445,0.0,0
230472912,230472912,kaliedascope786,"New York, USA",243446602.73246288,0.31790123456790126,0.02271381049452059,0.18738893657979486,0.24121779859484777,1.929368029739777,0.3583815028901734,0.8882466281310212,0.0,0
24291261,24291261,kramergirl,Tree Hill/Nashville,299749482.3929739,1813.0377358490566,0.4894327050335511,3.965327281005042,0.9994487435513396,2.8901734104046244,0.656,0.938,0.0,0
26642006,26642006,Alyssa_Milano,Los Angeles,298712328.40515995,1116.8136104592693,1.2743980204381287,14.78515742413432,0.9991053964716093,15.625,0.443,1.042,0.0,0
461429820,461429820,RobertVinluan,New York City,210427955.1711979,1.25,2.23731490246615,1.9786420471617503,0.5555555555555556,3.115264797507788,0.043,1.104,0.0,0
19397785,19397785,Oprah,,304016502.812392,139759.18855218854,0.044050240286673446,3.5638065367411933,0.9999928448865849,3.663003663003663,0.719,1.103,0.0,0
121046433,121046433,ImRo45,,268701979.018569,269927.97826086957,0.080386456694118,0.643734745206497,0.9999962953218049,1.9305019305019304,0.394,0.858,0.0,0
53853197,53853197,CP3,LA!!!,289969163.0067899,8683.713961407491,0.08402548652881918,1.7508289320685868,0.9998848551599461,1.5772870662460567,0.766,0.806,0.0,0
80096621,80096621,BryanCranston,"Los Angeles, CA",281975588.08938,29569.01388888889,0.002451276029543752,0.19794053938565798,0.9999661819570408,1.6004962779156326,0.43410852713178294,0.5674418604651162,0.0,0
236999725,236999725,davidgross_man,"Brooklyn, NY",241963957.41657495,1.6248862602365788,42.56298049493929,19.893171079662096,0.6190311118814456,16.666666666666668,0.011,0.831,0.0,0
234270825,234270825,KenJennings,Rainy Seattle,242533480.19437099,553.7272727272727,11.016705808446208,7.717928256749785,0.9981973123566044,6.944444444444445,0.011,0.762,0.0,0
7259302,7259302,JoeTrippi,Maryland,353151813.379755,199.43080625752106,0.194255267567409,13.556766859502856,0.9950107470070486,12.048192771084338,0.221,1.263,0.0,0
821480142,821480142,AndreaUrbanPhD,,189208869.60295796,0.34763948497854075,2.4699560912798453,0.4443089807386374,0.25796178343949044,2.2031963470319633,0.20621761658031088,0.7637305699481866,0.0,0
2941922172,2941922172,official_barak,,117317756.63214207,6762.857142857143,0.03755953170683762,0.24892395523355132,0.9998521553635922,7.659090909090909,0.4688427299703264,0.9554896142433235,0.0,0
63663831,63663831,ihansika,,287122204.994879,13632.838607594937,0.4682271090889602,3.203263223812327,0.9999266530851082,3.5211267605633805,0.658,1.237,0.0,0
36941793,36941793,PerkinsEastman,15 global locations,295566425.578948,11.387661843107388,0.567100947516884,1.2777310523692267,0.9192745158315401,2.6315789473684212,1.136,1.445,0.0,0
255148312,255148312,harryRpotter,,238516621.0360489,0.08888888888888889,0.07136106459192004,0.03296374049677525,0.08163265306122448,2.6,0.27472527472527475,0.8021978021978022,0.0,0
28871546,28871546,Ginuwine,everywhere ,297871514.962152,204.38513513513513,0.005511100986640445,5.664251582479716,0.9951310984636642,3.0211480362537766,0.062,0.225,0.0,0
974604422,974604422,ReadtoGrowCT,"Branford, CT",182700471.56902194,0.6108923884514436,0.04492599241540064,0.5452596763679678,0.37922606924643587,1.949317738791423,1.111,0.667,0.0,0
14180216,14180216,scottzabielski,Los Angeles,330783013.273875,7.057090239410681,1.849546002815615,1.1996843370896935,0.8758857142857143,5.617977528089888,0.047,1.092,0.0,0
460629154,460629154,_AmandaGondo,,0.8611111111111112,0.734265340449405,0.6082622887344986,0.4626865671641791,-1,-1,-1,-1,-1,0
30360554,30360554,AMCOUNTRYCNTWN,"Nashville, TN",297339132.72800803,39.67703703703704,3.666794848013964,3.317811520296651,0.9754161051826492,6.7114093959731544,0.705,1.93,0.0,0
17959736,17959736,TimWestwood,London,308018979.7504051,23.35806355806356,0.49424486803820017,14.516830110999416,0.958945833373977,19.23076923076923,0.082,1.039,0.0,0
2468663756,2468663756,apioth10,"Grand Forks, ND",138009271.08029294,0.0853339153208206,0.24728773460548562,2.04028032171969,0.07862457269253971,5.319148936170213,0.376,1.304,0.0,0
14824849,14824849,SteveMartinToGo,"On a plane, probably. ",325605226.2458079,34168.36111111111,0.007164504166278057,0.05307040123168931,0.999970734015285,2.3780487804878048,0.05128205128205128,0.6307692307692307,0.0,0
19575977,19575977,DJDRAMA,THE WORLD,303719797.50490904,1029.8037525354969,0.1365469104770152,9.487734496311273,0.999029883236707,3.067484662576687,0.373,1.382,0.0,0
201807376,201807376,jooycegoomes,Marilí_a/Sí£o paulo,249847550.61326194,0.5756457564575646,0.0,1.502202439362549,0.36533957845433257,8.064516129032258,0.035,0.604,0.0,0
68677010,68677010,vitormartinez,,285563083.89051604,1.2890995260663507,0.01089216420282293,0.38485646849974353,0.5631469979296067,2.183406113537118,0.287,0.604,0.0,0
174744823,"""174744823""","""ICBCArgentina""","""Argentina""",255819120.8436451,11.771084337349398,0.12091043037750465,3.069030952068114,0.9216981132075471,17.54385964912281,0.095,1.122,0.0,0
3889134316,3889134316,movienasha,"New Delhi, India",92552712.52473593,0.40120711562897077,0.11762378111922399,0.3687412185880435,0.28632963046928134,5.563380281690141,0.769620253164557,1.8253164556962025,0.0,0
349300271,349300271,StephenAmell,,224184195.28813195,5333.420814479638,0.5360877462638969,2.0244924019584833,0.9998125382239651,3.717472118959108,0.061,0.386,0.0,0
30045479,30045479,SomethingToBurn,"Los Angeles, CA",297461333.2168119,19.566666666666666,0.0,0.061867536869359696,0.9513776337115073,1.2754491017964071,0.0,0.004694835680751174,0,0
1921907256,1921907256,Isadora_Romera,,0.11764705882352941,0.0011064690719600437,0.010511456183620415,0.10526315789473684,-1,-1,-1,-1,-1,0
22021097,22021097,makerbot,Brooklyn,301099836.56610894,246.06969205834685,1.359559688469379,3.1788100947369733,0.9959525590060482,3.5842293906810037,1.118,0.388,0.0,0
41159306,41159306,nivieira,Brazil,294012626.4870429,1.14,0.49633786733452107,6.40978186045031,0.5327102803738317,2.680965147453083,0.194,0.535,0.0,0
26285962,26285962,rogerclemens,Texas,298844565.36805105,2237.3571428571427,0.005782270117148791,0.10870667820239727,0.9995532437693462,3.327433628318584,0.09840425531914894,0.6622340425531915,0.0,0
78120081,78120081,vitorbelfort,Brazil,282594512.64669704,25357.283333333333,0.029656626809586265,4.4952719998076995,0.9999605651539241,1.6181229773462784,0.56,0.416,0.0,0
68208905,68208905,ReggieEvans30,PENSACOLA 2 CANTONMENT,285712332.71586704,191.86451612903227,0.2803267161717169,3.741318373761037,0.9948150130460962,1.858736059479554,0.408,0.993,0.0,0
11347122,11347122,GavinNewsom,California,338668550.2352829,57.99995791954216,1.1375653267253494,2.6797457259302693,0.9830508353690066,3.6231884057971016,0.162,0.624,0.0,0
18785430,18785430,freddurst,,305302854.529135,45396.78571428572,0.003961967541592599,2.4388740195317875,0.9999779724939385,1.8796992481203008,0.118,0.888,0.0,0
63816907,63816907,Coolio,"Las Vegas, NV",287092119.276845,2547.8194444444443,0.32351985221313284,0.6109258604582881,0.99960766149906,2.1551724137931036,1.305,1.316,0.0,0
930620467,930620467,YesYoureSexist,,184526245.61772108,154.2258064516129,0.6625398982715718,5.009082566578993,0.9935577722360764,8.0,0.014,0.217,0.0,0
296153656,296153656,bhanu_rvd,Hyderabad,231754781.0705409,0.0962962962962963,0.06673260386931401,0.040636054870140936,0.08783783783783784,1.1595744680851063,0.43119266055045874,0.9908256880733946,0.0,0
14939981,14939981,questlove,Philly & Fi-Di NYC & 31Rock,324744954.5554731,360.9572773352643,0.2149723930139608,17.417286768142258,0.9972372430045833,10.526315789473685,0.359,1.023,0.0,0
395902564,395902564,moulitweete,"Ile-de-France, France",0.057971014492753624,0.0019863221098484008,0.007548024017423924,0.0547945205479452,-1,-1,-1,-1,-1,0
54633478,54633478,saramafzal,"New York, NY",289784172.09921503,0.78965819456617,0.46780194728367364,0.7847385119506877,0.44123408423114596,1.7857142857142858,1.05,1.378,0.0,0
16278678,16278678,BenWrightATL,Atlanta,315419632.187309,3.232746955345061,2.417625037198563,9.678991693792343,0.7637468030690537,8.547008547008547,0.044,1.102,0.0,0
3321049092,3321049092,varunpostpickle,,96718898.33962893,0.37623762376237624,0.001786620846250873,0.008039793808128928,0.2733812949640288,1.0,0.8888888888888888,0.5555555555555556,0.0,0
713390006,"""713390006""","""notquitefrodo""","""Gloss Angeles, CA""",193687879.0445459,17.4614549402823,11.611423549548801,12.504472721511794,0.9458330882785391,6.25,0.017,1.38,0.0,0
45224894,45224894,leeticia_G,,292451909.734257,0.6,0.0035451982547903744,0.3128637459852506,0.375,4.504504504504505,0.011,0.171,0.0,0
20322929,20322929,wizkhalifa,Pix Burgh,302744898.47149706,40049.76442307692,0.016552549771443287,12.696091063486165,0.9999750316875494,6.993006993006993,0.248,1.479,0.0,0
21544507,21544507,shawnnamusic,CHICAGO,301498578.781528,18.992398797949445,0.06304507330289469,7.0937170206357045,0.9499809897698436,3.8314176245210727,0.616,1.052,0.0,0
844011956,844011956,lakeographer,,188269193.7760601,0.5859872611464968,0.04038472703635068,0.04543281791589452,0.36947791164658633,1.3026315789473684,1.0606060606060606,1.0303030303030303,0.0,0
219781912,219781912,fahmed92,"Lahore, Pakistan",0.3333333333333333,0.024228796192367223,0.1134188575381828,0.25,-1,-1,-1,-1,-1,0
19058681,19058681,aplusk,"Los Angeles, California",304683339.9420409,23217.532216494845,0.1593680836281919,2.8241045282084754,0.9999569309553819,2.0661157024793386,0.393,1.017,0.0,0
323719421,323719421,ravitejavarma_m,"rourkela , india",227785792.1073439,0.33048433048433046,0.05158530692933926,0.019344490098502223,0.24839400428265523,1.7586206896551724,0.7647058823529411,1.0980392156862746,0.0,0
48455672,48455672,NYUWasserman,"New York, NY",291426277.4299729,21.376777251184834,0.32967788919819146,3.135794095368049,0.9553108122418723,2.444987775061125,0.589,0.344,0.0,0
3262112372,3262112372,jakeborge,,101085350.39137912,1.0,0.04444560940437874,0.024786974475518912,0.5,1.08,0.25925925925925924,1.0,0.0,0
133004044,133004044,naihadmohan,Delhi,265506426.20912695,0.5866666666666667,0.0032541585239050587,0.033517832796222106,0.3697478991596639,1.5,0.3235294117647059,0.5784313725490197,0.0,0
20566864,20566864,DJPROSTYLE,"NEW YORK, NY",302455109.66413903,808.5136417556347,0.7167265259321308,24.416693135720585,0.9987646903666364,4.132231404958677,0.356,0.855,0.0,0
16581604,16581604,MikeBloomberg,New York City,313721007.1971829,4640.484599589322,0.18259280917071588,2.910468789315423,0.9997845516927734,2.9154518950437316,0.44,1.246,0.0,0
351127813,351127813,joeyallen28,Red Bay Alabama,223944126.00967312,0.30739795918367346,0.48920774102048936,0.12731747203214627,0.23512195121951218,1.5673076923076923,0.1687116564417178,1.3466257668711656,0.0,0
30190324,30190324,francescadani,Outerspace,297424798.0445061,40.75,0.3029848237016045,6.435595191069364,0.9760479041916168,1.8552875695732838,0.532,0.286,0.0,0
49070241,49070241,tushar141990,,291259733.6127491,0.21220930232558138,0.006822776273778119,0.02907095977522851,0.1750599520383693,7.833333333333333,1.4361702127659575,0.2872340425531915,0.0,0
23151437,23151437,KevinHart4real,Philly/LA,300385881.653121,62136.93153153153,0.02617433268411505,10.762540443672714,0.999983906770384,7.751937984496124,0.866,0.712,0.0,0
1483560710,1483560710,Efr1m,"New York, NY",166392232.9599161,0.7837837837837838,0.8713099008348875,0.6132401626257462,0.4393939393939394,2.4096385542168677,1.012,0.887,0.0,0
97879187,97879187,Jupedrita,"Campinas, SP",275556420.32364297,0.5348837209302325,0.00031354740309996255,0.3659098194176563,0.3484848484848485,7.352941176470588,0.229,0.299,0.0,0
2184928249,2184928249,WillRowan3,,152752541.18172407,0.1489971346704871,1.6697123205078015,0.12104283082272002,0.12967581047381546,1.7024793388429753,0.11650485436893204,0.8592233009708737,0.0,0
8441632,8441632,burtherman,West Coast/East Coast,348643761.34046197,4.940709370037057,0.2837509543255346,1.6497206139258371,0.8316699340581002,2.34192037470726,0.425,1.183,0.0,0
92367751,92367751,jessicaalba,,277681117.3988259,6759.964155084126,0.4608105916550919,1.9512108171972191,0.9998520921015018,1.7035775127768313,0.878,1.226,0.0,0
50750339,50750339,KrisAllen,,290822539.214777,1263.8994974874372,0.7908492946282398,2.3208545039954207,0.9992094233557793,2.1231422505307855,0.448,1.383,0.0,0
27760317,27760317,thebeatles,,298326783.61845994,10.225654691314963,0.007240382421588053,0.8731901200435191,0.9109183359458155,2.4154589371980677,0.906,0.985,0.0,0
184910040,184910040,Adele,London,253585022.50203896,1,0.0,0.10425852339046333,1.0,1.204724409448819,0.15359477124183007,0.32679738562091504,0.0,0
278401829,278401829,AliGPincus,San Francisco,234626151.364542,6.229806598407281,0.14656166757205216,0.3351033102778077,0.8616837136113297,2.049661399548533,0.43502202643171806,1.3458149779735682,0.0,0
328088917,328088917,Carol1_Freitas,,227152440.6193459,0.66,0.0,0.0429808280878691,0.39759036144578314,2.8974358974358974,0.17699115044247787,0.504424778761062,0.0,0
130997057,130997057,AaronRodgers12,"Titletown, USA",266012365.25883603,9767.860619469027,0.39462827187697075,0.9613989174945131,0.9998976339166916,2.127659574468085,1.343,1.061,0.0,0
49431176,49431176,igottwiter,Toronto,291164297.85177207,0.06198347107438017,0.001483698390178062,0.1741861910069045,0.058365758754863814,2.6044444444444443,1.0187713310580204,0.9965870307167235,0.0,0
55050269,55050269,carrieanninaba,Los Angeles,289691758.0485339,185.12170639899622,1.5332931906388005,4.203209674318735,0.9946271715462556,2.100840336134454,1.363,0.992,0.0,0
28225894,28225894,sherwood,worldwide,298155166.108927,1.2306912442396314,0.4688672741257406,0.7450295190218041,0.551708465892658,2.032520325203252,0.067,0.797,0.0,0
25406464,25406464,PlayboyMic,Jupiter,299275762.39578605,1.157858455882353,0.02627142250698584,3.608134488926473,0.5365775742732404,2.1052631578947367,2.288,0.526,0.0,0
22685200,22685200,kingsthings,"Los Angeles, California",300663698.6158781,2894.3939051918737,1.8572351852606082,4.572540038351662,0.9996546238498993,2.6595744680851063,0.81,1.093,0.0,0
33998183,33998183,WHOSTP44,"Washington, DC",296444261.33781505,794.9784946236559,0.09093378930105582,1.8431579600637082,0.9987436846513387,4.761904761904762,0.815,1.184,0.0,0
134665872,134665872,parislemon,,265137264.85973096,3714.0,0.05507185120780693,2.7125330736910347,0.9997308209959623,1.6666666666666667,0.073,0.01,0.0,0
4183248796,4183248796,realDennisLynch,,89311741.40773201,493.30337078651684,0.02805454199533816,3.4516760634264334,0.9979769508785489,4.608294930875576,0.013,0.189,0.0,0
93957809,93957809,ericschmidt,"Mountain View, CA",277074967.32093406,8050.248299319728,0.0,0.2207749064863944,0.9998757956576642,1.3964497041420119,0.3107344632768362,0.3248587570621469,0.0,0
25252511,25252511,ThaboSefolosha,"Atlanta, GA",299335846.39771795,674.7548638132296,0.004618224033760558,0.3068232592429671,0.9985201734333704,2.183406113537118,0.625,0.96,0.0,0
19555067,19555067,JordinSparks,LA/PHX/NY,303779797.9690659,712.0200620098486,0.23834106311234318,12.9460722085294,0.99859751491819,3.076923076923077,0.353,0.981,0.0,0
130745589,130745589,drfeifei,"Stanford, CA, U.S.A.",266081376.30371094,1282.8977777777777,0.966344971496654,0.2756810755378559,0.9992211217923199,1.8063829787234043,0.49823321554770317,1.2226148409893993,0.0,0
14216203,14216203,thescript,Earth...,330322905.9239111,48.464991433466594,15.42275606274032,5.307621023423217,0.9797836819330079,6.5359477124183005,0.288,1.027,0.0,0
22713218,22713218,adultmomband,"New York, USA",300651907.0226879,11.257336343115124,16.92498161874625,4.95148031736137,0.9184162062615101,8.928571428571429,0.015,0.795,0.0,0
2592147414,2592147414,dallasleebridge,"Manhattan - New York, NY",132871259.7627511,0.23674026860915093,9.688126704740343,19.441278758193622,0.1914227866740291,11.494252873563218,0.315,1.109,0.0,0
473543077,473543077,larissawandame,,0.16080402010050251,0.0,0.0,0.13852813852813853,0,0,0,0,0,0
25970331,25970331,MirandaCosgrove,Los Angeles,298987529.0001931,576.8319145643089,0.0011559010543204856,2.0260055729602313,0.9982693929241447,3.367003367003367,0.12,0.785,0.0,0
18811140,18811140,PaulBrounMD,"Clarkesville, GA",305254212.5351591,4.586219879518072,0.02009603716539519,0.44833975873219695,0.820988070364629,2.1691973969631237,0.596,0.602,0.0,0
3393521,3393521,myspacetom,"Los Angeles, CA",361123863.32967997,640.9073033707865,0.04880763026150144,0.5383194514136189,0.9984421426664741,1.9047619047619047,0.138,0.417,0.0,0
1352171946,1352171946,jborrel00,,170830737.10922194,0.44562899786780386,0.11480837893628244,0.19927093084094838,0.308259587020649,1.7544642857142858,1.727735368956743,0.9669211195928753,0.0,0
1066481503,1066481503,Om1prakash,"San Diego, CA ",179282455.70123196,0.39436619718309857,0.03277063545911497,0.015903396619864615,0.2828282828282828,1.03125,0.09090909090909091,0.3939393939393939,0.0,0
25073877,25073877,realDonaldTrump,"Washington, DC",299398422.822248,1157049.085106383,0.007214466862046184,11.225999016018344,0.999999135733178,11.627906976744185,0.069,0.398,0.0,0
230287527,230287527,evanspiegel,,243553716.14963794,1805.4444444444443,0.00035474720470664615,0.008513932912959508,0.9994464263747078,3.4285714285714284,0.0,1.75,0.0,0
5500542,5500542,DrowningPool,"Dallas, TX",359271575.7976141,167.83454545454546,0.9424669882338313,0.9443908810396161,0.9940770415360923,2.4096385542168677,0.085,0.34,0.0,0
189771123,189771123,LeooooFerreira,Brasil,252518516.771322,0.3088235294117647,0.0,0.061587562761125036,0.23595505617977527,3.6122448979591835,0.13559322033898305,0.4858757062146893,0.0,0
29555251,29555251,mariamenounos,"ÌÏT: 40.766092,-73.976579",297645279.24346995,1536.0067567567567,0.3381743539015269,7.755078144921195,0.9993493847729661,4.11522633744856,0.39,1.091,0.0,0
11388132,11388132,lessig,"Brookline, MA",338589793.48995495,1162.340909090909,0.012503625571116336,3.2333355022778587,0.9991404067438998,3.802281368821293,0.209,1.451,0.0,0
23530444,23530444,SkyeTunes,Miami/Atl/la,300137870.37878203,8.63040629095675,0.0014393385261740027,4.6162465211452615,0.8961622210125204,2.3094688221709005,0.346,0.286,0.0,0
38532460,38532460,DeRayDavis,AMONGST THE GREATS,295051517.6832819,164.07315190117737,2.238394180059565,27.517255507613463,0.9939420796872004,21.27659574468085,0.282,0.818,0.0,0
23974217,23974217,jessicanaziri,Hello@TechSesh.co,299908924.3135419,3.00716643852162,4.133190777291014,2.6535735867866124,0.7504471013764694,4.184100418410042,0.446,1.006,0.0,0
24705126,24705126,ShashiTharoor,New Delhi & Thiruvananthapuram,299566696.57042503,7709.672093023256,4.177137226286518,13.23197553459731,0.9998703096191959,16.949152542372882,0.321,1.024,0.0,0
38437674,38437674,Vleeties,"Denton, TX",295081069.9478121,10.784574468085106,0.741957456094087,3.383899889534082,0.9151433085082374,3.289473684210526,0.408,0.543,0.0,0
1619331888,1619331888,kaiquegamela20,,162061696.77056408,0.02666666666666667,0.0005331302937196767,0.0010662605874393533,0.025974025974025976,1.0,0.0,0.0,0,0
123185079,123185079,Mehul_27,Mumbai,268142569.71201992,0.7787610619469026,0.18753008913879257,0.10343154400954024,0.43781094527363185,1.8265895953757225,0.5632911392405063,0.6044303797468354,0.0,0
71114686,71114686,LauraPausini,ITALY,284851406.849813,1877.528547201809,4.457835803035051,4.409305237036166,0.999467668457054,4.524886877828054,1.055,1.359,0.0,0