id,id_str,screen_name,age,in_out_ratio,favorites_ratio,status_ratio,account_rep,avg_tpd,hashtags_ratio,user_mentions_ratio,url_ratio,avg_cosine_sim,avg_tweet_sentiment,bot
21146211,21146211,latimesmuskal,301898033.3529911,2.894652833200319,0.04407315891469411,9.973698624526557,0.7432377049180328,10.204081632653061,0.048,0.773,0.515,0.13519578087066034,0.07111433531746036,0
491385574,491385574,613_Jason,207663984.67379904,0.3263157894736842,0.13188998584912373,0.09402882271893363,0.24603174603174602,1.9230769230769231,0.31555555555555553,1.0755555555555556,0.295,0.09032629783989853,0.09228139430014429,0
53729515,53729515,Crazistaan,290083201.38370395,0.5116279069767442,0.005659066061631725,0.07446139554778586,0.3384615384615385,2.1842105263157894,0.6546184738955824,0.3614457831325301,0.12,0.01286049681527458,0.04913446969696968,0
370458410,370458410,KirkCousins8,221281687.7405641,893.9448275862069,0.013665839369163747,0.6731402020696657,0.9988826126827314,1.6722408026755853,0.373,0.687,0.385,0.17231575863239856,0.16749790764790767,0
540497623,540497623,alinecsx30,203736687.97013497,0.14285714285714285,0.0008481535737212442,0.04622436976780781,0.125,1.5138888888888888,0.027522935779816515,0.41284403669724773,0.01834862385321101,0.0445894018979609,0.003669724770642202,0
3098543197,3098543197,cornxaxier,109998879.79559493,0.10849056603773585,0.021992951241826014,0.00942555053221115,0.09787234042553192,1.5,0.16666666666666666,0.3333333333333333,0.25,0.19879194092909286,-0.03308080808080808,0
774968,774968,ranjit,365213866.4085481,1.6217252396166135,4.837695833880438,2.241062772475397,0.6185717767487204,3.225806451612903,0.069,1.063,0.21,0.09499725382579473,0.06038379329004329,0
2516059411,2516059411,TheMrJuanBrown,136032370.30123496,1.1461456102783727,0.013973144743348957,2.2744468784514824,0.53404839111998,1.6339869281045751,1.681,0.025,1.0,0.28276189588474215,0.13610064484126988,0
1539693919,1539693919,NSA_PRISMbot,164873708.69426703,18.5,0.003144224777288738,6.401117609096989,0.9487179487179487,11.627906976744185,0.0,0.114,0.03,0.04291404530718848,0.03758694083694083,0
1475495658,1475495658,eriktorenberg,166700262.40251994,26.388688327316487,11.165640492548278,4.6636231328946485,0.9634885764499121,5.882352941176471,0.026,1.989,0.43,0.050878330489491336,0.0996309974747475,0
755982000,755982000,jessicamtz29,191917538.41193008,0.6145682585624699,3.0829240771630304,16.131328202819173,0.3806393785479534,10.416666666666666,0.188,1.341,0.24,0.21341607718561054,0.11363828463203465,0
27711339,27711339,JaredLeto,298373730.090399,33826.220588235294,2.0388604580426333,8.177159561804562,0.9999704380087217,3.6101083032490973,0.613,0.794,0.585,0.36403282066110615,0.08912824675324678,0
28792107,28792107,Frreshsamantha,297964196.608356,0.3180400890868597,0.5158525814496786,2.795868797266892,0.24129773572152755,2.793296089385475,0.217,1.039,0.465,0.12371302903748617,0.11783991702741706,0
2233022917,2233022917,thisismetis,150474340.6774559,3.69857936998147,1.8925113658442163,5.307185241049178,0.7871697121072696,9.615384615384615,0.596,0.933,1.065,0.2982265310494439,0.0871783008658009,0
64823914,64823914,RoomtoRead,286791024.92943,163.0888575458392,1.0143581029831155,3.821843449493259,0.9939057409810983,6.289308176100629,0.735,1.147,0.54,0.12725221042632961,0.12831792929292934,0
24285686,24285686,jonas_ent,299823997.350688,1763.3600697471666,0.12131917498736708,1.6843481657984813,0.9994332222672987,7.518796992481203,0.536,1.161,0.7,0.1530816319061607,0.07757981601731602,0
739327418,739327418,LarryNoble_DC,192611508.490196,8.78,0.03364284954099633,0.32431706957520456,0.8977505112474438,1.858611825192802,0.12448132780082988,0.5034578146611342,0.595,0.10903883139900354,0.11191159060846555,0
140679467,140679467,abhinavy2j,263697522.5874319,0.37872340425531914,0.0006552962587758335,0.005242370070206668,0.27469135802469136,1.2307692307692308,0.5625,0.3125,0.4375,0.15682410141801748,0.06302083333333333,0
53238154,53238154,howiemandel,290235431.8884201,124.48350764279968,0.7341019620302977,6.49855873119278,0.9920308252551675,15.625,0.822,1.321,0.3,0.18325275015667916,0.1057927218614719,0
41060630,41060630,TiaCarrere,294106072.7301421,247.45,0.06227957087035953,0.6507040069709734,0.9959750452807405,2.0161290322580645,0.554,1.066,0.63,0.17051943313435675,0.1202959054834055,0
31301911,31301911,ToddBrunson,297055814.58956003,133.24709302325581,5.23596147124421,6.981669767567271,0.9925510491327603,10.1010101010101,0.087,1.052,0.205,0.07119103176800186,0.05552889460076959,0
1255166845,1255166845,emmajs16,173956191.09929395,0.4892086330935252,0.6049523120446567,0.28360243856937517,0.3285024154589372,2.565610859728507,0.1657848324514991,0.3950617283950617,0.175,0.10146118310691805,0.18233196248196243,0
858948487,858948487,hosealiu1990,187591658.46234393,0.10638297872340426,0.0032240239515842015,0.004605748502263145,0.09615384615384616,1.25,1.2,0.9,0.3,0.1518153832956437,0.08499999999999999,0
418094646,418094646,amaquinanaweb,214910342.17325592,2.1821155943293347,0.02251357450307994,1.3134258553850386,0.6857436600411241,2.6315789473684212,0.681,0.742,0.53,0.16591653068586393,0.001,0
31447081,31447081,wingoz,297003494.08595204,2043.307855626327,0.026181510166845532,22.579225273556105,0.9995108368843529,27.77777777777778,0.025,0.135,0.485,0.11640105048558143,0.061074738455988424,0
1572082038,1572082038,katrina_tester,163725315.93456006,13.176339285714286,4.576856033061553,3.032239682459551,0.9294599275704614,3.875968992248062,0.316,1.304,0.36,0.08330715713259144,0.11856069624819626,0
48169084,48169084,cypresshill,291533566.4508519,189.55988857938718,1.474409980411173,2.973121793665304,0.9947523059157153,5.181347150259067,0.42,1.61,0.3,0.23699944064043993,0.07544002525252524,0
52529345,52529345,MichelleDBeadle,290418730.849386,515.5818803418804,7.6240702296446985,7.577362498499648,0.9980641984590358,3.952569169960474,0.14,0.759,0.15,0.09520782984224332,0.05253557900432901,0
19272244,19272244,LilJon,304307279.12471795,225.68806040585181,0.39380195026779435,5.701752534446897,0.9955886516554526,3.6496350364963503,0.489,2.075,0.26,0.1718794253673141,0.10209312169312172,0
1388024948,1388024948,RadarEaD,169630146.167372,0.2803030303030303,0.0005093434271686012,0.038710100464813685,0.21893491124260356,2.1714285714285713,0.013157894736842105,0.11842105263157894,0.9736842105263158,0.2697545608049474,0.03421052631578947,0
2400631,2400631,yayitsrob,361848442.3024161,11.737283064033512,10.294024692489684,0.1766927600770636,0.9214903213681639,6.273584905660377,0.007518796992481203,0.837593984962406,0.38,0.061330888906365996,0.10399111652236652,0
212864806,212864806,rajesh_220993,247694906.356256,0.4,0.0,0.00627869189107659,0.2857142857142857,1.6363636363636365,1.3888888888888888,0.7777777777777778,0.8333333333333334,0.2871159268943575,0.08611111111111111,0
182520285,182520285,mamstalden,254136735.21471,0.6170212765957447,0.04623652692347903,3.324270296013073,0.3815789473684211,3.5842293906810037,0.019,0.401,0.045,0.04433733313886512,0.023215909090909103,0
242162129,242162129,sobeksull,240974784.46193695,1,0.0,0.02975913025926048,1.0,1.5471698113207548,0.5487804878048781,0.3780487804878049,0.036585365853658534,0.026014977781102996,0.06450018477457502,0
28289806,28289806,picasa2,298165965.92686105,0.740484429065744,0.04636344043166541,1.492902781899626,0.4254473161033797,1.941747572815534,0.037,0.179,0.245,0.0885862556111065,0.0007499999999999998,0
276320492,276320492,jerffersongat,235014815.54535007,0.25,0.0,0.004411636762533943,0.2,6.0,0.0,0.5833333333333334,0.0,0.06632451516793514,0.0,0
18236230,18236230,JeffreeStar,307146906.5070741,12336.363184079602,1.4475626828094386,16.836284821513896,0.9999189454030752,16.39344262295082,0.163,0.883,0.155,0.09645917058244019,0.13591831050893546,0
183387449,"""183387449""",XabiAlonso,253957183.73327088,21986.58679245283,0.26774907092770595,0.2068506164219126,0.9999545197929433,1.3130434782608695,0.26158940397350994,0.640728476821192,0.345,0.20890532623361358,0.10276488095238097,0
50883510,50883510,Juh_Honda,290833684.6829729,0.4061855670103093,0.9120264053633852,0.5525632293081096,0.28885630498533726,4.149377593360996,0.39,0.86,0.065,0.05890761687403065,0.1606166937229438,0
57356426,57356426,begspoker,289060176.544379,32.145833333333336,0.0005977993996467038,0.019129580788694523,0.9698302954116907,1.8823529411764706,0.0,0.296875,0.0625,0.042145441108890944,0.10091709505772008,0
35982046,35982046,russwest44,295925776.95965505,8063.251057827927,0.008175022888694894,1.6650769833652492,0.9998759959241312,1.6474464579901154,1.015,0.861,0.385,0.3336245781098083,0.10341819083694086,0
433170355,433170355,AlefSanderson,213312838.7558999,0.5403225806451613,0.0008100778228250015,0.09599422200476268,0.3507853403141361,6.527777777777778,0.02553191489361702,0.14893617021276595,0.005,0.029432525121908172,0.011416666666666665,0
2236416063,2236416063,mjesusgz,149180366.31677794,5.618811881188119,8.049230804609913,17.373203082881243,0.8489154824233358,9.174311926605505,1.18,0.013,0.005,0.5373019159146128,0.013340909090909087,0
216155198,216155198,orebob1,246951110.10511208,0.7567567567567568,0.1329493922340556,0.19277661873938065,0.4307692307692308,2.3013698630136985,0.2976190476190476,0.9226190476190477,0.34,0.10537503143230866,0.11436661255411255,0
1501471,1501471,LanceUlanoff,362503565.529032,11.248473461719117,6.228365772637285,15.931049923804101,0.9183571729876903,17.857142857142858,0.366,0.553,0.315,0.18636004807194242,0.06864605880230881,0
94143715,94143715,KatieS,277035529.2056701,105.50268336314848,13.372505723804384,8.188234940493588,0.9906105652137398,3.215434083601286,0.171,1.669,0.205,0.07565228217459632,0.10943012265512266,0
82400064,82400064,randyjackson8,281278869.753793,131634.0,0.0003071684697667728,0.11580251310207336,0.9999924032362214,5.357142857142857,0.0,0.048,0.025,0.06502427935059375,0.050877489177489174,0
2842980108,2842980108,slexander_coys,124160762.68246198,0.336283185840708,3.750750155997397,0.4787599457005953,0.25165562913907286,1.6418269230769231,0.3440702781844802,1.1215226939970717,0.08,0.021866944570964008,0.12677365440115437,0
79758113,79758113,tonyparker,282146406.1394081,17140.897637795275,0.03950289550912435,0.7444305347494674,0.9999416634015014,1.8050541516245486,0.821,1.202,0.295,0.15597303668239546,0.08506569264069265,0
27974543,27974543,Saliva,298280443.507797,141.23660714285714,0.5460096481174193,0.36439264579931746,0.9929694610966385,2.197802197802198,0.603,0.903,0.615,0.2457378772782777,0.09676433982683989,0
34630995,34630995,WarrenSapp,296319117.2676301,1663.1356184798808,0.015162032208479427,33.10134050899283,0.9993990874368079,6.622516556291391,0.319,1.203,0.045,0.024144687289700068,0.05103896103896104,0
2223415243,2223415243,statementartist,150983470.81443596,0.7231920199501247,2.267246859232157,14.499621635341848,0.4196816208393632,17.24137931034483,0.0,0.132,0.0,0.3857370056536703,0.09516228354978357,0
23047158,23047158,AmitabhBachan,300482851.252233,181431.0,0.0,0.23865588236116378,0.9999944882931346,1.1420689655172414,0.7608695652173914,0.10507246376811594,0.06,0.031082455468163434,0.13453352723665232,0
593258580,593258580,marieantuns,198568099.70913196,0.1557377049180328,0.0013053456238926763,0.03741990788492339,0.1347517730496454,5.733333333333333,0.023255813953488372,0.10465116279069768,0.09302325581395349,0.03925704498446438,0.011627906976744186,0
16870672,16870672,KSMofficial,312294142.960402,579.8666666666667,0.006363231731348773,0.015769748203777394,0.9982784345231264,2.24,0.017857142857142856,0.9464285714285714,0.21428571428571427,0.044972033105607025,0.12185876623376624,0
27989078,27989078,robkardashian,298276614.1041279,16624.02981651376,0.038814977281317393,0.28039476125608387,0.9999398497319382,2.7780979827089336,0.29045643153526973,0.7489626556016598,0.455,0.3249884095034625,0.1167185245310245,0
96921504,96921504,AMadumoole,275958511.7072561,4.8628519527702085,3.2721092544443424,31.775559107602746,0.829434546862897,20.408163265306122,0.209,0.842,0.36,0.06884395288569639,0.05641127795815296,0
469973314,"""469973314""","""miel""",209688899.51312804,153.19959677419354,19.242632344242818,2.4874793144085543,0.9935148987356668,4.0,0.007,1.177,0.04,0.022316777849299734,0.03586556637806638,0
15506669,15506669,JeffBezos,320224141.3745949,1,0.0,0.04640749425139683,1.0,1.303030303030303,0.6569767441860465,0.5813953488372093,0.3930635838150289,0.1601987682921952,0.18754670987329947,0
24050414,24050414,marionraven,299918408.04420495,117.41111111111111,0.0014403917479327497,1.2828128907089067,0.9915548465797128,1.9646365422396856,0.32,0.748,0.375,0.120508909958707,0.11987680375180373,0
133880286,133880286,LeoDiCaprio,265362259.98764396,129247.82191780822,0.01302370578303381,0.44671310835805966,0.9999922629855719,1.5174506828528074,0.807,1.111,0.39,0.11299334701013442,0.10270656694495985,0
68838777,68838777,AshleyMGreene,285574381.00474095,6086.14373088685,0.37455460683717373,0.7530423395942855,0.9998357193382956,2.032520325203252,0.504,0.923,0.21,0.07138756673483017,0.12332797017797015,0
409486555,409486555,MichelleObama,215858252.80717397,738507.3333333334,0.0012007880015203459,0.362237713791971,0.9999986459191388,2.556497175141243,0.28066298342541435,0.5823204419889503,0.45,0.15510656422087224,0.18706593885281386,0
1492538024,1492538024,KapilSharmaK9,166131078.4504969,54293.06493506493,0.11493574939796514,3.9411000404424428,0.9999815817806017,6.622516556291391,0.403,1.854,0.04,0.08573537776646903,0.17250883838383843,0
87063281,87063281,michaelcrowley,279608149.125016,30.811265544989027,1.5280241342643148,0.3331061712309265,0.9685645955020007,3.9682539682539684,0.045,0.794,0.505,0.13553265379274704,0.07670316558441556,0
902534288,902534288,KananGill,185708107.57936192,1125.183448275862,1.5004191450334168,2.672374440022309,0.9991120451987365,6.756756756756757,0.816,1.056,0.965,0.5140732657478512,0.15078679653679636,0
101766148,101766148,timarmstrongaol,274200607.34182096,31.554347826086957,0.06837621616434852,0.2262401991060011,0.9692821368948247,1.5875831485587584,0.34497206703910616,2.381284916201117,0.345,0.15674658833650204,0.19230251262626258,0
5402612,5402612,BBCBreaking,359565125.8240881,12730220.666666666,0.0,8.374836667205688,0.9999999214467724,4.830917874396135,0.175,0.118,0.925,0.20352975694501504,0.06019429112554115,0
4681944553,4681944553,Miv4t_,85269817.5073111,1,0.07802057274755611,0.4438053358886958,1.0,1.6343283582089552,0.08447488584474885,0.3036529680365297,0.225,0.36263699841382574,0.02729166666666667,0
148825650,148825650,anagaal,261834499.5611019,0.8148148148148148,1.4545493456301555,11.63870462108013,0.4489795918367347,8.0,0.014,0.64,0.035,0.06413162739827483,0.020500000000000004,0
549795522,549795522,palo_jesse,202796052.48112512,0.7737556561085973,2.6436017537860983,2.4237631550828547,0.4362244897959184,2.079002079002079,0.297,0.521,0.275,0.15724305298083732,0.07980070346320348,0
231034206,231034206,jamesafalk,243363462.67147708,17.0,0.003195220808678677,0.038342649704144124,0.9444444444444444,1.9814814814814814,1.158878504672897,0.8785046728971962,0.17757009345794392,0.024655815008024926,-0.010391498428881606,0
44335525,44335525,HHShkMohd,292792165.5198381,151436.4193548387,0.0,1.5890589120577958,0.9999933966122491,4.081632653061225,0.07,0.015,0.015,0.10409612615902758,0.028411255411255415,0
80405070,80405070,jem,281954575.223109,2.632031767041694,0.2255342015630755,0.4299245717296127,0.7246720116618076,2.4630541871921183,0.2,0.575,0.385,0.11333376683270695,0.15447477753727754,0
314734443,314734443,Leo_Tweets,229087541.15482092,725.71964017991,0.008674413239509255,7.848458239747287,0.9986239535238756,9.090909090909092,1.042,0.0,0.015,0.16211939404049105,0.07928502886002885,0
24580902,24580902,leonthomas,299665556.73817396,170.2441445633628,0.7522305948459521,4.351346928867423,0.9941603842715335,3.1847133757961785,0.337,1.267,0.395,0.2081008386113858,0.12410200216450223,0
1137408992,1137408992,DSI_Columbia,177163011.9684279,3.5695708712613783,1.2991966971131557,2.223850202265762,0.7811610700056916,3.0120481927710845,0.868,1.951,0.405,0.09281475671253141,0.07733901515151514,0
36222624,36222624,Molly_Horan,295854799.7777109,2.238156209987196,0.27480507350594335,0.548442006423126,0.6911822854883353,2.2123893805309733,0.205,0.542,0.095,0.05046301084400674,0.10837892316017314,0
27395319,27395319,Andy_Bloch,298507833.07363605,30.662988966900702,0.04746810110173771,0.8885796974532608,0.9684173846933604,2.4038461538461537,0.093,0.98,0.19,0.055037813946679094,0.04645213564213565,0
1917034674,1917034674,alex_jeanmonod,156358991.0838759,0.4483394833948339,0.03315447333130424,0.29617996175965117,0.3095541401273885,3.3973509933774833,1.3469785575048734,0.33528265107212474,0.57,0.13274230685157307,0.07429374098124099,0
2493068299,2493068299,arunchaluvadhi,136827851.83075094,0.5794392523364486,0.0012629007741329211,0.051147481352383305,0.3668639053254438,1.509433962264151,0.425,0.5625,0.075,0.026078431765815042,0.06314718614718615,0
575270233,575270233,sadB0T,200256327.23445106,111.33333333333333,0.0,2.772478691022778,0.9910979228486647,7.633587786259542,0.107,0.0,0.0,0.06618898270965243,0.002618055555555554,0
23737582,23737582,druidDUDE,300055761.2551899,2430.4874551971325,5.1841884104903,5.301094681022352,0.9995887291139987,7.352941176470588,0.056,0.931,0.365,0.09461635295027812,0.06569034992784993,0
1350259454,1350259454,knowkenny,170930901.04250097,3007.60103626943,5.8694875758628395,2.977203050450579,0.9996676196052767,3.278688524590164,0.301,0.864,0.375,0.10653630724239913,0.11149403860028859,0
454625063,"""454625063""","""Siwan_ZEA""",211158341.6924641,6394.886363636364,0.0004091716164632272,0.07446923419630734,0.9998436495048308,1.292857142857143,0.17679558011049723,0.1712707182320442,0.22099447513812154,0.09955566483210636,0.019060773480662985,0
107396619,107396619,mahflaibam,272652211.6816249,0.3018867924528302,0.0,0.0326393831361675,0.2318840579710145,2.5384615384615383,0.0707070707070707,0.7474747474747475,0.0,0.03735346612195708,0.05297418630751965,0
14515799,14515799,brianstelter,327756499.86600494,98.78349834983499,60.68257138494939,44.28047286913719,0.9899783028603181,43.47826086956522,0.026,1.183,0.395,0.10369995230353142,0.12320376984126984,0
15076390,15076390,Padmasree,323693880.7054689,7101.454106280194,0.3299117047478857,5.01140150213718,0.9998592035956817,3.076923076923077,0.242,1.267,0.35,0.08200657850257156,0.06214713203463204,0
23497233,23497233,Sia,300184292.50929594,12075.609677419356,0.03425095934918582,4.599990187551998,0.9999171953034245,2.2675736961451247,0.478,1.13,0.45,0.219510062766128,0.10464621212121213,0
1116146132,1116146132,Ziyansha,177805070.6529069,0.10588235294117647,0.006802955593776395,0.005831104794665481,0.09574468085106383,1.3333333333333333,2.1666666666666665,0.25,0.6666666666666666,0.16125639346493284,0.05094696969696969,0
17503180,17503180,marissamayer,309664736.6701219,4754.148571428572,0.05775536534226766,0.3928480888981298,0.9997897016286708,2.202643171806167,0.149,1.407,0.425,0.14005482548978004,0.12345337301587306,0
288333760,288333760,MariaSharapova,232980502.4907291,110622.20253164557,0.6248763241713463,1.3127965504846089,0.9999909603050977,2.557544757033248,0.414,0.893,0.31,0.24553794559093867,0.10892801226551228,0
121963311,121963311,Phoebus_Ji,268532956.6460619,0.7485898468976632,0.2210410250620926,8.935269733623544,0.42811059907834104,8.130081300813009,0.061,1.048,0.05,0.16633388314541506,-0.005594696969696968,0
226772129,226772129,paulinhohopp,244439543.87784696,1.7766990291262137,2.0012997579657767,2.338855616117899,0.6398601398601399,5.376344086021505,0.037,0.625,0.27,0.07584543018640336,0.023916666666666676,0
20796447,20796447,SteveAustria,302263650.4551749,1,0.0,0.1020460116641588,1.0,1.3421052631578947,0.19327731092436976,0.09523809523809523,0.26,0.04790269483061123,0.10320992965367966,0
166345340,166345340,paolitagdiaz,257757752.5992601,0.7702127659574468,0.42771322642388865,0.8956502672450082,0.43509615384615385,2.9585798816568047,0.354,0.512,0.03,0.0479687504753474,0.00825,0
7861312,7861312,feliciaday,350896941.8243489,4464.5648,15.376576301713431,8.210656909749332,0.9997760641610217,6.134969325153374,0.149,1.275,0.23,0.06092928608008577,0.08506170634920636,0
62442994,62442994,AndersFoghR,287543374.1219821,1652.6964285714287,0.013821914735945103,0.8963211229853095,0.9993952940922393,2.336448598130841,1.094,0.618,0.47,0.09931261398679442,0.1657319925444925,0
238388617,238388617,mcflyjrmartin,241759054.19758296,0.8522727272727273,0.5771696967591589,1.3244525672999645,0.4601226993865031,1.9305019305019304,0.235,0.43,0.23,0.07016253875049556,0.061930179889554876,0
94106782,94106782,delben29,277049884.4654391,0.32209737827715357,0.07796429889034845,0.1518744542383988,0.24362606232294617,1.5125786163522013,0.2993762993762994,1.0769230769230769,0.505,0.12862160706151576,0.11433092532467538,0
78453,78453,khoi,370336150.7575469,118.38681637088011,0.983599357650819,0.2596646311824861,0.9916238657634235,4.651162790697675,0.023,0.794,0.58,0.14215764033139858,0.10527660533910536,0
3161044042,3161044042,uncarvedblock64,107952256.38780904,0.04975124378109453,1.9968827629280004,0.0392173368270429,0.04739336492890995,1.065217391304348,0.08163265306122448,1.2040816326530612,0.12244897959183673,0.09160836936755605,0.02804949090025621,0
34395450,34395450,xhckr,296386089.2842939,0.8317373461012312,0.30696177482450143,0.31016840305153803,0.4540702016430172,1.8796992481203008,0.428,1.016,0.19,0.06530010118012741,0.10960278829966331,0
31740510,31740510,Tahj_Mowry,296936785.58067894,343.67721518987344,0.8167556590394389,11.471241575336958,0.9970987348280358,3.6496350364963503,0.523,0.992,0.37,0.08698631832855837,0.04923198051948053,0
15762276,15762276,scott_bot,318710494.83791804,4.5995995995996,9.93851928726368,6.089549078033988,0.8214158026456918,12.5,0.105,1.54,0.21,0.060788306097196584,0.08350443272005773,0
885239581,885239581,vedang_singh,186401111.84520507,0.20506329113924052,0.039862423171437414,0.06257473404818664,0.17016806722689076,1.3595505617977528,0.39669421487603307,1.1322314049586777,0.18181818181818182,0.12718444988866925,0.04963893659141595,0
206394558,206394558,JoolianGarcia,249035883.579185,0.6466666666666666,1.1809767964883837,0.1776322326092986,0.39271255060728744,1.647457627118644,0.10082304526748971,0.7962962962962963,0.07,0.02454521204741292,0.11901594516594514,0
21035409,21035409,michaelianblack,301994043.6353321,2988.586102719033,5.354616867717619,23.43259991096088,0.9996655055363382,21.27659574468085,0.042,1.028,0.185,0.05184242855058887,0.13991027687590188,0
66511103,66511103,tatatessari,286272546.1940911,2.0,0.5830974790255506,10.58177055492486,0.6666666666666666,3.225806451612903,0.015,0.502,0.025,0.04272542646906876,0.024166666666666666,0
20221159,20221159,jeremypiven,302913604.80396795,8513.88275862069,0.20622117663030012,1.346855319568848,0.9998825585708755,1.7182130584192439,0.399,0.532,0.665,0.20613194680525188,0.18345055315055314,0
35503367,35503367,ionekr,296057297.6583791,0.2018018018018018,8.726170307009431,2.2173653721500166,0.1679160419790105,2.4271844660194173,0.275,1.263,0.405,0.11334641858179201,0.06093948412698414,0
52534584,52534584,YO_RANDYJACKSON,290422714.2688019,1217.3363228699552,0.13744379498862078,1.1043103181769702,0.9991792085803989,1.845018450184502,0.52,1.352,0.375,0.25618685818762255,0.17831364357864352,0
240492339,240492339,Gustfernandes__,241329749.92312002,1,0.0,0.1761440519187624,1.0,4.263636363636364,0.04904051172707889,0.3646055437100213,0.015,0.02532100298798708,0.015393939393939396,0
309277320,309277320,Juicy_JessieG,229860923.91286898,0.27203893996755,1.9850194292830599,1.4475118012060335,0.21386054421768708,2.857142857142857,0.474,0.523,0.1,0.0294055455928718,0.11578945707070705,0
198001905,198001905,GelaFridman,250749635.5775411,0.471875,0.16987143331990198,0.353870105516307,0.3205944798301486,1.9569471624266144,0.409,1.023,0.69,0.18828362837555343,0.1313780483405483,0
18036441,18036441,Stanford,307860853.0983889,1224.0117878192534,0.01683877618030004,5.069874861618669,0.9991836813245853,6.0606060606060606,0.12,0.645,0.885,0.21239144985974884,0.1059036616161616,0
21733814,21733814,frillneck,301363379.2624481,41679.0,0.00028669707716794915,0.005160547389023084,0.9999760076775431,1.5,0.0,0.3333333333333333,0.0,0.04519691522620268,0.08049543049543048,0
21119984,21119984,meadowgroove,301919994.148921,0.7613577023498694,4.0667409373172445,12.361335692657498,0.4322561517936555,62.5,0.149,1.74,0.145,0.030441833013333794,-0.014494800685425689,0
24908960,24908960,FreeSol,299515803.4448259,27.368200836820083,0.009519364144420587,2.8260972885723787,0.9647492625368732,2.7777777777777777,0.375,1.059,0.43,0.11021588094812013,0.045459794372294374,0
236236336,236236336,rbvaughan,242193016.9939661,1.0206451612903227,0.1890723381225349,1.2453802497844704,0.5051085568326947,4.201680672268908,1.108,1.235,0.51,0.12805636691255098,0.09265951930014428,0
114295199,114295199,julibrant,270638173.972141,1.1710526315789473,0.08013060272211397,0.2368801084454525,0.5393939393939394,4.61875,0.03382949932341001,0.2462787550744249,0.125,0.05575450980125093,0.008108766233766235,0
37687523,37687523,cory_arcangel,295375299.29804397,24.79860302677532,2.940010224496625,1.3253593002879522,0.9612382112720546,1.9569471624266144,0.247,1.189,0.245,0.06007742801400718,0.07393564213564215,0
159354944,159354944,DeathToCambria,259388021.01417994,0.2003994673768309,1.3360308569571728,1.7497307632999324,0.16694398225180254,2.544529262086514,0.159,0.647,0.325,0.12696038761387543,0.03760507339882338,0
2795845802,2795845802,rabovitz,126735056.05191112,48.4825,3.7454640790592997,1.6627569874091066,0.9797908351437377,32.25806451612903,0.266,1.845,0.07,0.07655339144778099,0.16670189844877348,0
115414150,115414150,whamsy,270316106.6561699,0.2708333333333333,0.028766321386430472,0.08022607408882276,0.21311475409836064,2.484536082474227,0.5352697095435685,0.5435684647302904,0.33,0.057994729714319786,0.09547595727685015,0
3320096611,3320096611,kvlebcobb,96836952.90317893,0.07291666666666667,0.004461106912687857,0.0008922213825375715,0.06796116504854369,1.0,1.0,0.0,0.0,1.0,0.0,0
574602943,574602943,happyB0T,200333580.01917195,110.0,0.0,1.5620985756359544,0.990990990990991,7.518796992481203,0.142,0.0,0.0,0.03310849097267369,0.19798797591297604,0
17919972,17919972,taylorswift13,308266009.4990361,1,0.13004872014644014,0.02802774141087072,1.0,2.0833333333333335,0.77,0.69,0.48,0.38919160118162494,0.05385660173160173,0
57195124,57195124,CinemaPaulinia,289121846.27942705,1.9390742734122712,0.008965078334118392,0.5761557009393421,0.6597568121886903,3.5587188612099645,0.326,0.572,0.875,0.24367348395088195,0.004833333333333333,0
43949484,43949484,jettheband,292944026.19358706,1047.125,0.005898737797978105,0.23300014302013514,0.9990459153249851,3.3617021276595747,0.08227848101265822,0.5240506329113924,0.36,0.15198063307689566,0.11697573953823952,0
435042800,435042800,ethansure,213117677.04956508,0.18376068376068377,0.014189343849204512,0.018243442091834372,0.1552346570397112,1.2162162162162162,0.0,0.8666666666666667,0.5555555555555556,0.11118021870027606,0.046558441558441556,0
215476014,215476014,austinGMAT,247125489.42862797,1.1766437684003925,0.630714380618416,2.4644709916736223,0.5405770964833183,2.2831050228310503,1.358,1.941,0.75,0.1688690341005975,0.12162141955266952,0
4348237453,4348237453,Matt_LeBlanc,88430303.4687221,3835.875,0.2315586308854257,0.4543238960410251,0.9997393712330999,2.486631016042781,0.2752688172043011,0.821505376344086,0.185,0.08245754421724213,0.11677335858585865,0
19616327,19616327,MaryBonoUSA,303734413.1189599,11.697321428571428,1.777869008832084,2.1158063500308866,0.9212432318402363,2.785515320334262,0.369,1.287,0.245,0.07720725903889228,0.1194356511544012,0
14401698,14401698,genesimmons,328531465.92997503,4372.1,0.08626023056811359,6.845327870297038,0.9997713292629942,6.4935064935064934,0.202,1.041,0.55,0.258258574418879,0.06615449134199138,0
25688061,25688061,AlvaroGarnero,299174336.246711,452.29241877256317,0.6032923888603905,9.614846099726654,0.9977939185422341,3.2679738562091503,0.298,0.912,0.535,0.14884515965906814,0.027527777777777783,0
278672435,278672435,BEugeneSmith,234626265.65633392,1.1533546325878594,1.5683563771968774,1.3010103499968462,0.5356083086053413,3.4602076124567476,0.173,1.062,0.245,0.10687355537642598,0.05996871184371182,0
67776033,67776033,RODRIGOMARINP,285924704.6785481,0.20278969957081544,1.26582136512793,0.35717375354051406,0.16859946476360393,2.577319587628866,0.31,1.122,0.16,0.14592945207025015,0.010631313131313132,0
99130637,99130637,nightsailer,275153570.22829294,1.6608695652173913,0.010676219819945256,0.1416169158469209,0.6241830065359477,2.625730994152047,0.09131403118040089,0.6993318485523385,0.185,0.017004108918596536,0.012079797979797979,0
25489250,25489250,DerrenBrown,299277471.13800097,28986.28205128205,0.007217382557352586,4.55128144066654,0.9999655021123321,4.016064257028113,0.091,0.912,0.28,0.0951642458968595,0.1298001803751804,0
14130366,14130366,sundarpichai,331524285.52080894,6068.058282208589,0.18321191735495818,0.2968397921298682,0.9998352297912624,1.594896331738437,0.337,1.026,0.54,0.11875980193909899,0.15961972402597405,0
15340816,15340816,jamiecullum,321400370.40790296,265.56779661016947,0.2556512299463722,0.9793243224969863,0.9962486091241456,1.8691588785046729,0.27,1.223,0.285,0.07976089094090415,0.16608752705627705,0
18839785,18839785,narendramodi,305217710.433589,21893.111776447106,0.0,5.7546647522676215,0.999954325619134,9.090909090909092,0.236,0.353,0.17,0.12785851597133063,0.2421773719336219,0
39203045,39203045,Residente,294807650.48780894,3403.6291936433195,0.611056055370074,8.53045976194568,0.9997062822577368,3.861003861003861,0.255,1.018,0.465,0.18360827863341747,0.050846139971139986,0
40835471,40835471,cameronbright,294195987.5385611,78.35392320534224,0.5685679175963452,1.4692899234165882,0.9873982285990786,3.5587188612099645,0.345,1.63,0.23,0.07516279547615538,0.06487599206349208,0
327262257,327262257,eva_recinos,227321813.07667089,1.3340888485947415,7.579133637381737,5.757420206562287,0.5715672946203146,7.042253521126761,0.128,1.086,0.375,0.10771979860264107,0.13052100468975472,0
14880616,14880616,Paula_Deen,325285414.769644,4153.536809815951,0.04701348202417817,1.9995338569379282,0.9997592992803344,1.9342359767891684,0.056,0.137,0.86,0.38959621306711123,0.24855798460798442,0
166211732,166211732,MatthewDaddona,257792109.95721412,0.5567054764984908,0.19070250058529478,0.2644363320945476,0.35761772853185597,1.7466666666666666,0.14631043256997456,1.3256997455470738,0.415,0.07880551786644902,0.13325606962481967,0
252663106,252663106,CameronNewton,239036969.1012981,11084.1,0.015542365743541486,0.14024274205800225,0.9999097888156173,1.4356060606060606,1.04221635883905,0.7994722955145118,0.54,0.23432568838761716,0.08119338023088023,0
266612587,266612587,umar_burney,236627805.602149,0.26570048309178745,0.002921043020456099,0.010953911326710373,0.2099236641221374,1.7647058823529411,0.2,1.0333333333333334,0.2,0.03953198780699513,0.13805411255411254,0
2239718538,2239718538,jennykijowski,150120253.7172079,0.7169811320754716,0.2497837505033589,0.15942419098947103,0.4175824175824176,1.6235294117647059,0.5942028985507246,0.9710144927536232,0.205,0.06200467349824695,0.05993330627705629,0
365587588,365587588,Shoham_11,222017616.2005751,0.829923273657289,0.0019457915429995547,0.14632352403356652,0.453529000698812,1.3309608540925266,0.6390374331550802,0.40641711229946526,0.045,0.023112294068528685,0.09607905242905242,0
83147002,83147002,anthonyedwards,281039830.27713704,5575.0,0.0021520081313869243,0.0943809280479694,0.9998206599713056,2.217391304347826,0.27124183006535946,1.0686274509803921,0.315,0.08557205990524736,0.12928733766233766,0
239194161,239194161,kayivelisse,241597941.1016569,0.542528735632184,0.3926655979244576,2.5355182962517344,0.35171385991058124,2.100840336134454,0.379,0.568,0.18,0.1280957635491946,0.051790469946719944,0
16143507,16143507,lights,316210585.0080049,1667.1615201900238,4.5370777197850005,5.471816827245674,0.9994005376650301,7.042253521126761,0.033,1.055,0.075,0.02027022926122081,0.061813546176046126,0
135421739,135421739,sachin_rt,264996528.94249392,346153.71794871794,0.02543127650348376,0.7570695389883243,0.9999971111183868,2.4330900243309004,0.761,0.909,0.17,0.12478385313661298,0.28499746572871576,0
16190898,16190898,RyanSeacrest,315929450.0411699,28434.649029982364,0.2094847441141544,4.090422085790349,0.9999648328758403,6.0606060606060606,0.915,1.273,0.245,0.13953505551535053,0.16519337421837424,0
22225065,22225065,AdamAWanderer,301037946.9305291,0.311787072243346,0.4207522715707001,37.430305763413664,0.23768115942028986,125.0,0.07,0.246,1.02,0.28365954021821127,0.021870986652236662,0
3309952369,3309952369,voiceofskyler,97774966.45029712,6.114180478821363,2.028887425912251,1.2680546411951568,0.8594356717577013,3.3783783783783785,0.801,0.585,0.22,0.05562265921320532,0.12871428571428573,0
26799554,26799554,Kenny_Mayne,298742976.00099397,226.37719298245614,0.6706822121211424,8.729569594939441,0.9956020215269472,7.6923076923076925,0.081,0.703,0.575,0.21547220180843424,0.09024132395382395,0
21421109,21421109,catherinedwyer,301676456.17686296,0.7100271002710027,0.02892635411655724,0.0644398977844097,0.4152139461172742,1.3333333333333333,0.03571428571428571,0.5089285714285714,0.225,0.04531303098128764,0.06869563492063491,0
501035794,501035794,ilkinhasanov89,206810507.13259602,0.6368330464716007,2.352483956185408,0.5497902479737163,0.3890641430073607,3.484320557491289,0.244,0.834,0.085,0.0249908196484852,0.01060021645021645,0
72915722,72915722,CharlizeAfrica,284316470.424593,2437.1832669322707,0.02856535179925156,0.5448688912346601,0.9995898585583937,1.447178002894356,0.765,0.841,0.555,0.18328887757323348,0.13692395382395386,0
1866615566,1866615566,Rugvds,157609102.7236781,0.3665158371040724,0.1682948480869379,0.12608408814330854,0.2682119205298013,1.393939393939394,0.5695652173913044,0.8956521739130435,0.285,0.07123808670108052,0.07898356782106783,0
21554757,21554757,ScottStapp,301541922.89206696,558.5742574257425,1.8695907839049983,1.5057010834361326,0.9982129270838863,2.2172949002217295,0.519,1.412,0.43,0.26858387246476423,0.16095896915584418,0
231673318,231673319,JoeSpeeds,243237372.327152,0.5285714285714286,0.01278750863915986,0.06571358606234928,0.34579439252336447,1.3120567375886525,0.07027027027027027,1.135135135135135,0.15,0.19043818612058264,0.08259426406926407,0
223277612,223277612,sukiebearz,245245509.37012005,0.448559670781893,2.3202479892964307,2.02995276561282,0.3096590909090909,5.025125628140704,0.059,0.857,0.27,0.2002185217973205,0.04116956168831167,0
32213059,"""32213059""","""megananomous""",296912789.95492697,1.182515757741847,27.641571120078353,31.9660409423279,0.5418131592164741,35.714285714285715,0.393,1.651,0.095,0.1075530983191395,0.13030185786435788,0
144483819,144483819,yezhang86,262826852.1887431,0.3103448275862069,0.0,0.0019724012051391265,0.23684210526315788,1.5,0.5,0.6666666666666666,0.0,0.07109977206184839,0.075,0
254136706,254136706,CoryTV,238785644.56778002,35.31936813186813,1.2674932806276353,3.4294322905477386,0.9724664813449065,3.7735849056603774,0.503,1.849,0.52,0.09313943866141669,0.10322973935786438,0
125499355,125499355,dfjsteve,267532805.295727,399.9056603773585,1.189428711922838,0.5864791042226103,0.9975056475903614,1.8656716417910448,0.212,1.34,0.765,0.15324092543800824,0.1366656112141827,0
100803521,100803521,forehandloop,274559498.7893641,0.42957042957042957,9.230995872207572,2.0262624402108322,0.3004891684136967,2.2271714922048997,0.217,0.947,0.25,0.08686969973196236,0.05339184704184704,0
25961982,25961982,KishoreGSundar,299050827.1086979,2.165775401069519,1.2530204434572565,4.570621031933087,0.6841216216216216,5.0,0.216,0.735,0.17,0.0716196330093461,0.05745430194805193,0
34701524,34701524,richeisen,296327726.19441795,1137.703373015873,0.5831381430930546,13.375439588125394,0.9991218081691007,14.084507042253522,0.408,1.49,0.145,0.048763605878329924,0.08088462301587303,0
25844958,25844958,SammieAlways,299096701.125391,115.27777777777777,0.4330158089764545,18.42122624311441,0.9913999044433827,9.433962264150944,0.368,0.977,0.295,0.14541357060475238,0.12141360028860029,0
2206028467,2206028467,XsGonnaX,151841161.728508,2.8,0.0,6.084484532935074,0.7368421052631579,22.22222222222222,0.0,0.0,0.0,0.42619055422468755,0.000515151515151515,1
2425231,2425231,Fact,361862097.5528829,1813132.0,0.029606858724501542,141.84837026900462,0.9999994484684797,125.0,0.0,0.003,0.335,0.04595042037721915,0.02938756828488971,1
2704554914,2704554914,reverseocr,129756010.60576797,2269.0,0.0,3.100933807393998,0.9995594713656387,3.937007874015748,0.0,0.0,0.0,0.6000502512564984,0.009083333333333334,1
3045203078,3045203078,colorschemez,111834159.698524,1,0.0007725725326940541,24.298178725760696,1.0,23.25581395348837,0.0,0.0,0.0,0.28947654146403834,-0.014262851037851038,1
3021641217,3021641217,BioCodePapers,113599731.37107992,1,0.0,2.120455718448325,1.0,3.9840637450199203,0.0,0.0,1.0,0.24346730199857033,0.00698654401154401,1
2612605603,2612605603,gorillacities,131981122.51065493,1,0.0,3.358953095464168,1.0,7.142857142857143,0.0,0.0,0.0,0.75,0.0,1
998166463,998166463,JpTeixeira01,181832871.2728691,0.21875,0.0,0.003326131275199419,0.1794871794871795,2.3333333333333335,0.0,0.0,0.0,0.013347214649134968,0.07142857142857142,1
2789337546,2789337546,CRISPR_papers,127025925.77871895,1,0.0,1.8038270423563199,1.0,3.236245954692557,0.0,0.0,1.0,0.2824306111069727,-0.005758387445887443,1
3227854754,3227854754,not_a_cop_bot,104143303.62836003,1,0.0,6.023914914767132,1.0,7.936507936507937,0.0,0.963,0.0,0.06047129802778247,0.031702315739815724,1
3262004991,3262004991,MltplSclppr,105050034.08035493,239.0,0.0,18.776881104971228,0.9958333333333333,7.8125,0.0,0.0,1.0,0.22655917294474046,0.010418284030784028,1
2986319204,2986319204,theDesireBot,115380533.05398798,134.0,0.005241785455411326,42.42401617012476,0.9925925925925926,43.47826086956522,0.0,0.0,0.0,0.4521516115780412,0.06160248917748916,1
3304794002,3304794002,VillanelleBot,98269442.29742408,100.0,0.21101167886187902,8.573228669092426,0.9900990099009901,4.761904761904762,0.0,0.0,1.0,0.27869509601060977,0.033624945887445884,1
208881789,208881789,USPRI,248608188.17275095,0.18640776699029127,0.007645765869461977,0.01251125324093778,0.15711947626841244,1.3333333333333333,0.3611111111111111,0.25,0.027777777777777776,0.17630331712112124,0.03630576599326599,1
2415155167,2415155167,ideabot,140870474.22004795,93.0,0.002453317502574404,3.8406685502802294,0.9893617021276596,11.627906976744185,0.133,0.917,0.095,0.2637887282734185,0.007205203823953826,1
2579601960,2579601960,BadArtThief,133528871.44790792,1,0.0,3.6681325520756807,1.0,14.925373134328359,0.0,0.0,0.0,0.3506559354167772,0.016288194444444445,1
3121911275,3121911275,fuckingbard,109361021.95730996,359.0,0.0,2.259525337066247,0.9972222222222222,1.7064846416382253,0.0,0.0,0.0,0.23573109220872168,-0.1830846940096938,1
2209425018,2209425018,ThreeCourseMeal,151694023.32162094,1,0.0,0.8406817698388759,1.0,3.9682539682539684,0.0,0.0,0.0,0.06863419499881683,0.006255753968253967,1
2148047569,2148047569,artassignbot,154443949.14973307,2310.5,0.0016782787634412675,19.366777503857747,0.9995673804888601,23.25581395348837,0.0,0.0,0.0,0.21102598528559602,-0.10745833333333334,1
2870071360,2870071360,botsummittalks,121250736.59283805,1,0.0,3.1460097539937877,1.0,11.627906976744185,0.019,0.987,0.0,0.03167857227652661,0.03763203463203463,1
2796267913,2796267913,eAgreeTeam,126737712.27935696,0.24864864864864866,0.22769544661175273,0.16293177167727216,0.19913419913419914,3.064935064935065,0.4830508474576271,1.305084745762712,0.425,0.1525926570638929,0.18612990620490616,1
541429153,541429153,EnjoyTheFilm,203668460.83749104,19.153846153846153,0.0,0.19132270082352934,0.950381679389313,26.352941176470587,0.002232142857142857,0.8459821428571429,0.0,0.34542986735921294,0.04997916666666669,1
3226543356,3226543356,infinitedeserts,104252645.47628689,99.08571428571429,0.06878674365756164,7.019562876862014,0.9900085640879246,3.9682539682539684,0.0,0.003,0.005,0.0735637103283223,0.0,1
2680283464,2680283464,emojidreams,132172185.70479894,131.5,0.01895708984941925,16.044888632896395,0.9924528301886792,16.39344262295082,0.0,0.0,0.0,0.0,0.0,1
2367499014,2367499014,CutePetsDenver,143140778.062217,1285.6785714285713,0.022333258511494827,17.08433915971215,0.9992228051183835,20.408163265306122,0.007,0.006,1.0,0.7170631929385253,0.010500000000000002,1
2540754536,2540754536,porcadapalabra,135161968.59045196,222.57142857142858,0.0006392330690432354,45.93400987530882,0.9955271565495207,45.45454545454545,0.0,0.0,0.0,0.0,0.0,1
2282369803,2282369803,SimGenerator,147644330.0676489,402.25,0.000585190098125763,9.636910535935066,0.9975201487910725,22.22222222222222,0.167,0.0,0.0,0.4579073719603345,0.0019873737373737373,1
2588364937,2588364937,YouAreCarrying,133110621.42146802,1.280701754385965,0.020121609916607518,13.515231022051669,0.5615384615384615,5.376344086021505,0.0,0.273,0.0,0.03123487098133932,-0.02542979797979797,1
2902044872,2902044872,RNAi_papers,120672003.74474812,5.076923076923077,0.0,1.3317422021095275,0.8354430379746836,2.183406113537118,0.0,0.0,1.0,0.22087350819524645,0.0011732683982683973,1
393818147,393818147,mrsfishsfunkys,217851109.68559504,0.21875,0.0007932022942154701,0.010311629824801112,0.1794871794871795,1.3,0.6153846153846154,0.038461538461538464,0.9615384615384616,0.32476969111840326,0.06693861693861694,1
2214694938,2214694938,brainchatbot,151429218.12059808,30.68686868686869,0.0,174.61357278449353,0.96844118584635,6.622516556291391,0.012,0.768,0.075,0.14759749980756232,0.07176143127705627,1
2161132099,2161132099,RealHumanPraise,153868919.28444695,1,0.0,624.0962843345751,1.0,500.0,1.001,0.0,0.0,0.12424079673638226,0.11317767857142856,1
2823681952,2823681952,rireljbeq,123786113.22096896,58.0,0.0,45.46280558913851,0.9830508474576272,45.45454545454545,0.0,0.0,0.0,5.0251256281407036e-05,0.0,1
3131670665,3131670665,SortingBot,108758278.86601806,37934.0,0.0023832668437068108,85.86116015594403,0.9999736391195466,6.802721088435374,0.0,0.821,0.0,0.14839771999904272,-0.03387215007215009,1
15146415,15146415,zorinlynx,323133165.36346793,1.0918079096045197,0.5818232857296647,12.198502730495756,0.5219446320054018,11.235955056179776,0.045,0.913,0.09,0.07321780479056403,0.09150035143427998,1
3183086418,3183086418,TurnsOutBot,106263388.71045709,1,0.0,117.30300107372119,1.0,333.3333333333333,0.0,0.0,1.0,0.7999999999997128,0.0,1
34961758,34961758,randomRTBot,296259185.909878,1,0.0,0.5135719236273204,1.0,5.555555555555555,0.142,1.221,0.0,0.22046248419425674,-0.36218400072150075,1
2434727756,2434727756,notallbots,139838842.829417,1,0.0,3.512500461686263,1.0,23.25581395348837,0.0,0.0,0.0,0.6771021775542797,-0.05600000000000001,1
241202626,241202626,solidstateNMR,241210987.115201,46.5,0.014327705554927454,1.2056764224471452,0.9789473684210527,3.058103975535168,0.02,0.103,0.88,0.21120287178908573,0.04059538690476192,1
2236870705,2236870705,NutcrackerRedux,150289507.43309402,0.9263157894736842,0.0,14.863792144601156,0.4808743169398907,18.867924528301888,0.0,0.0,0.0,0.159473835572295,-0.005048611111111112,1
2293904707,2293904707,plzasm,146994663.87041402,105.5,0.0017633293153314924,0.24510277483107742,0.9906103286384976,2.76158940397351,0.004796163069544364,0.9112709832134293,0.01,0.212897756981784,0.01734848484848485,1
1945438417,1945438417,randomchordbot,155659195.24948812,115.0,0.0,10.390144940732748,0.9913793103448276,21.73913043478261,0.0,0.0,0.0,1.0000000000000002,0.0,1
2954717074,2954717074,RylGme,116731652.31671095,1,0.251654109378135,0.26867776971842056,1.0,1.912280701754386,1.4036697247706422,1.7798165137614679,0.305,0.12946507553227704,0.12461217983405481,1
2799462085,2799462085,ANH_Papers,126599669.08507109,1,0.0,0.3228065309755154,1.0,1.5508196721311476,0.0,0.006342494714587738,1.0,0.22605322596087113,-0.009342821067821064,1
3124663659,3124663659,PatriciaPlake,109271964.57614493,0.45880629805931894,0.01581375430287851,0.15339341673792153,0.3145080321285141,1.564516129032258,0.020618556701030927,0.6649484536082474,0.37628865979381443,0.1595720777863536,0.13429361732196776,1
2792755474,2792755474,TodayFinally,124827498.16982102,26.5,0.0,0.825741134856134,0.9636363636363636,1.0080645161290323,0.002,0.001,0.0,0.37385854470577673,0.036114772727272745,1
2569181545,2569181545,everysnake,134004494.04956102,602.5,0.0,46.629289892986755,0.9983429991714996,45.45454545454545,0.0,0.0,0.0,0.4512311557788944,-0.0055000000000000005,1
2792438832,"""2792438832""","""SlideSource""",126905079.48982096,0.5854266140751505,0.230799272320296,5.10277447209622,0.3692549430404609,3.5460992907801416,0.337,0.791,0.69,0.2410253379485285,0.06749337121212122,1
3325527710,3325527710,thinkpiecebot,96549924.69049811,318.31632653061223,0.383900869097703,27.307074639898385,0.9968683092065318,27.027027027027028,0.0,0.028,0.02,0.05211742487937784,0.0007294982794982829,1
2849780190,2849780190,5hmC_papers,123925994.4989171,1,0.0020915708689532844,1.124567937207216,1.0,2.0408163265306123,0.0,0.0,1.0,0.20032674817514615,0.013805339105339104,1
2467156063,2467156063,botswifty,138193624.94074988,1.0091743119266054,0.0,2.2563819433327037,0.502283105022831,8.333333333333334,0.0,0.966,0.0,0.1290755617896959,0.03345325160950161,1
2900906989,2900906989,PleaseRapAbout,120759310.09137988,490.2857142857143,0.09229598936567296,51.95834917615919,0.9979645245710963,250.0,0.001,0.586,0.0,0.07866821183630894,0.04682779465904464,1
2165326447,2165326447,thewaybot,153685570.93868995,1,0.0,111.2280970529068,1.0,100.0,0.0,0.0,0.0,0.3716963727180005,0.040527462121212124,1
1948657260,1948657260,FalseFlagBot_,155551368.9478221,1105.5,0.005554435205837493,62.367420265225704,0.9990962494351558,38.46153846153846,2.737,1.2,0.375,0.16288462657760605,0.004757142857142856,1
2163455832,2163455832,PlayLightsOut,153769829.3104849,1,0.0,0.1168707807024575,1.0,26.0,0.0,1.0,0.0,0.7378762025085603,-0.37414772727272727,1
3303517698,3303517698,WhatTheFare,98398914.0008831,1,0.009658643183719187,0.38634572734876743,1.0,3.308270676691729,0.004545454545454545,0.9568181818181818,0.33,0.19476667669747538,0.001,1
2321294706,2321294706,JEL_O_bot,145648083.81843495,1729.0,0.0,0.9485438900261978,0.999421965317919,3.3557046979865772,0.0,0.0,1.0,0.25040413154421753,0.007425306637806641,1
2597874625,2597874625,bioinfo_papers,132635733.98151708,51.5,0.0,2.990614882526871,0.9809523809523809,3.389830508474576,0.0,0.0,1.0,0.3131357466703718,0.04426391594516598,1
2202066812,2202066812,5oclockbot,152033853.43874407,1193.0,12.360973279922705,24.667390289564842,0.9991624790619765,23.25581395348837,0.0,0.0,0.0,0.7867099981434076,0.0,1
82237859,82237859,iaminigomontoya,281368932.3048711,1,0.0003070701491178962,33.32540207331792,1.0,13.333333333333334,0.0,0.845,0.0,0.3483892977536486,-0.1735684523809524,1
2647139192,2647139192,wikisext,131439828.03844905,0.8622748903611085,0.0,18.01820981770622,0.46302234692854993,35.714285714285715,0.0,0.399,0.005,0.10966123852157561,0.032741774891774905,1
2553357577,2553357577,everyadage,134673404.73758197,16.03731343283582,0.0,28.170550877453945,0.941305300043802,26.31578947368421,0.0,0.0,0.0,0.0065569827990738395,0.010252380952380956,1
3190153903,3190153903,youareherebot,105647478.05339289,38.0,0.0,0.08750611155457773,0.9743589743589743,2.9722222222222223,0.009345794392523364,0.9065420560747663,0.37383177570093457,0.4206269067452221,-0.01728971962616822,1
2553241008,2553241008,blank_was_blank,134677609.73625803,1,0.0,25.77932298322705,1.0,47.61904761904762,0.0,0.0,0.0,0.21970562793804907,0.003483134920634924,1
2219666779,2219666779,INTERESTING_JPG,151203939.3103969,57.473684210526315,0.012571101048485047,0.6542686682052445,0.9828982898289829,9.174311926605505,0.0,0.0,0.005,0.38154089282158843,0.006056818181818183,1
267087485,267087485,hotsootuff_bot,236579904.3075161,78.36666666666666,0.0,1.4023845388353195,0.9874002519949601,9.70873786407767,0.795,0.898,0.265,0.2669609006686856,0.01097943722943723,1
2353711584,2353711584,4myrealfriends,143921639.5609169,1093.0,0.0,12.62607072531896,0.9990859232175503,12.5,0.0,0.0,0.0,0.03696160767616796,0.055510416666666604,1
2547139646,2547139646,wearable_things,134918782.5700531,1,0.0,25.812649163149274,1.0,47.61904761904762,0.0,0.0,0.0,0.5021213190681478,0.008,1
3010688583,3010688583,WeirdConvoBot,114030193.40007305,260.0,0.0,3.8498435099533803,0.9961685823754789,3.90625,0.096,0.0,0.0,0.3205808644816282,-0.14191895202020202,1
2276705743,2276705743,GameDesign101,147975599.1071961,1,0.0,4.6616983081128405,1.0,3.1055900621118013,0.0,0.001,0.0,0.2739141616501584,-0.23812916666666623,1
3317314489,3317314489,cummingforlrh,97078245.08119607,0.1099624060150376,0.006230026093839524,0.006230026093839524,0.09906858594411516,2.0,0.16666666666666666,0.6666666666666666,0.0,0.323595415375858,0.11666666666666665,1
2312069443,2312069443,ReligiousRumors,146096481.510211,6.0,0.0,3.4631799121366074,0.8571428571428571,21.73913043478261,0.001,0.001,0.0,0.012344441571133158,0.016099558080808086,1
3274643844,3274643844,hollowking360,100306698.30052495,0.3147410358565737,0.04909741905017151,0.2885550066983764,0.23939393939393938,1.8054054054054054,0.10479041916167664,0.47604790419161674,0.975,0.28939562159021637,0.0020219155844155784,1
2781103332,2781103332,1995Internet,127418312.62571692,276.0,0.0,2.6140041657777835,0.9963898916967509,21.73913043478261,0.004,0.0,0.8,0.3013862880779904,0.03748863636363636,1
2544482664,2544482664,everypunk,135017246.73137498,566.6666666666666,0.014718119707726341,44.722606527546894,0.9982384028185555,22.22222222222222,0.0,0.0,0.0,0.0,0.00125,1
1292828988,1292828988,angelikaparnell,172767375.5764351,0.030927835051546393,0.17503304601985653,0.0005000944171995901,0.03,1.0,0.0,0.0,1.0,1.0,0.0,1
2869994812,2869994812,MythologyButt,121262371.43699193,99.75,0.002137513862943713,8.12326518380709,0.9900744416873449,11.904761904761905,0.0,0.0,0.0,0.03528803807019845,0.016327651515151517,1
2861842401,2861842401,worstvsworst,121689422.45315409,1,0.0,6.3779676520264665,1.0,6.802721088435374,0.0,0.0,0.0,0.1326048277368691,0.0028980880230880233,1
3105672877,3105672877,oldschoolflyers,109690366.15991306,1,0.0,3.9210298502694036,1.0,3.952569169960474,0.0,0.0,0.0,0.75,0.0,1
2601553820,2601553820,TXTADVNT_EXE,132463609.2573111,67.0,0.0006522546115451803,45.78957823969475,0.9852941176470589,66.66666666666667,0.0,0.0,0.0,0.5717910471318706,0.0,1
2583066602,2583066602,drow_yreve,133367813.10226488,35.857142857142854,0.0,47.10389901334683,0.9728682170542635,45.45454545454545,0.0,0.0,0.0,0.0,0.0025,1
2365948482,2365948482,CompBiolPapers,143238605.2677369,1,0.0,6.238787359941451,1.0,6.4935064935064934,0.0,0.0,1.01,0.2559911769038727,0.043754173604173635,1
2391332989,2391332989,NetflixSoundFX,141947059.77575302,489.8,0.3031214599863785,2.5954014164295542,0.9979625101874491,3.1055900621118013,0.0,0.081,0.0,0.014091403822533682,0.009248484848484848,1
4730693835,4730693835,NYPLphotobot,84712407.96273899,325.0,0.0,3.469772694093258,0.9969325153374233,3.1545741324921135,0.0,0.0,1.0,0.6061677742745084,0.05365151515151518,1
3021814752,3021814752,a_xing_ebooks,112793959.23908591,5.809523809523809,0.0,3.5144009721279152,0.8531468531468531,4.545454545454546,0.0,0.015,0.0,0.08177948874756136,0.11254621212121219,1
2799935377,2799935377,microRNA_papers,126584358.43628907,1,0.0,19.632833240220798,1.0,9.523809523809524,0.0,0.0,1.0,0.227845314574886,-0.014538961038961039,1
2263112616,2263112616,ItCantFail,148770777.376791,82.5,0.0,9.912979054111405,0.9880239520958084,9.25925925925926,0.0,0.0,0.0,0.004660024418397326,0.017398088023088024,1
2671843464,2671843464,100yearsrising,130762626.23805404,1,0.0,0.06739540382093774,1.0,1.0736842105263158,0.0,0.0,0.0,0.0587437484389695,0.00267379679144385,1
3041436185,3041436185,dnstats_agora,112729036.82554412,1066.0,0.0007664396186912331,2.720094206735186,0.9990627928772259,17.24137931034483,1.846,0.002,0.08,0.649238309543931,-0.001,1
3730020912,3730020912,haikuthegibson,93289630.44650006,20.0,0.011113775400735307,3.669398178142774,0.9523809523809523,3.9840637450199203,0.0,0.0,0.0,0.0786251821919441,0.06377976190476192,1
2268932004,2268932004,hapaxhegemon,148436964.28657508,237.0,0.0,22.491001591454264,0.9957983193277311,22.727272727272727,0.0,0.0,0.005,0.0001507537688442211,0.009425,1
1233596353,"""1233596353""","""westlife1219""",174637558.53358197,0.06198347107438017,0.000989477873207735,0.017810601717739228,0.058365758754863814,1.8888888888888888,0.058823529411764705,1.5,0.058823529411764705,0.2161376914388486,0.11808155080213903,1
304405082,304405082,othello3579,230611140.22666192,0.4558011049723757,0.00037465666192482985,35.371710108985106,0.31309297912713474,142.85714285714286,0.0,0.0,0.98,0.26841920938494257,0.13254139610389612,1
2360216107,2360216107,botarchaeo,143563280.036088,42.75,0.0,0.9442637418560194,0.9771428571428571,2.1141649048625792,0.0,0.001,1.0,0.22789830199718727,0.0013979721667221653,1
2756361932,2756361932,sextmanteau_bot,128114686.80104494,1,0.0,1.1228689199654405,1.0,11.494252873563218,0.0,0.0,0.0,0.0018090452261306533,0.0,1
4874838393,4874838393,corporabrackets,82317419.73345494,52.5,0.0,1.0831826396978548,0.9813084112149533,1.1210762331838564,0.0,0.0,0.0,0.44437473702772934,-0.15264646464646442,1
2766206647,2766206647,WrongRobot,127885772.65342307,4.333333333333333,0.468192815804967,0.5769648841232927,0.8125,213.25,0.0035169988276670576,0.7420867526377491,0.0,0.8224176347967291,-0.47825,1
3239840098,3239840098,CloudyConway,105892497.63145304,16.73780487804878,0.004895530954461317,29.822758652752597,0.9436232382261945,27.027027027027028,0.0,0.043,0.0,0.7002027729477815,0.0,1
1934795125,1934795125,nostrich_ebooks,155950973.6398971,1,0.0,0.022714830932570363,1.0,3.1538461538461537,0.0975609756097561,0.024390243902439025,0.0,0.030594820917975458,0.08472354204061522,1
3347398023,3347398023,RenPeralta23,101451249.4029181,0.23371647509578544,0.05450499656282152,0.06557632398964465,0.18944099378881987,1.673913043478261,0.16883116883116883,0.06493506493506493,0.961038961038961,0.26544057259901493,0.07167992541369164,1
2608082672,2608082672,_The_Thief,132183178.65784788,0.25143586470963625,0.0,3.075368621995722,0.20091789903110657,3.3444816053511706,0.0,0.0,1.0,0.326136425680194,0.08404924242424239,1
14052388,14052388,botanicalls,332691077.84379697,2.7162162162162162,0.0,0.005713408403733784,0.730909090909091,1.2941176470588236,0.0,0.09090909090909091,0.045454545454545456,0.23363264894783298,0.01549586776859504,1
4179589245,4179589245,NicenessBot,89423257.40702605,749.8,0.017391448769543558,65.15706281509493,0.9986680873734683,83.33333333333333,0.0,0.988,0.0,0.20255166817490536,0.19475,1
582070651,582070651,LettsScience,199661708.061507,0.623342175066313,0.25920643724062,0.3042105599000932,0.3839869281045752,2.086053412462908,0.1891891891891892,1.0199146514935988,0.32,0.1157134349127931,0.029745481601731613,1
2891174513,2891174513,MusicReviewBot,119996685.01461196,1,0.0,11.996971414874508,1.0,11.904761904761905,0.0,0.0,0.0,0.24224715717726258,0.03733386544011543,1
1533777176,1533777176,botALLY,165125060.90054488,0.5020130071229483,0.04133594236256525,41.46099666920643,0.33422680412371136,47.61904761904762,0.09,0.965,0.145,0.13637412249057085,-0.003657133838383838,1
21870796,21870796,Opportunitweets,301279885.5476389,0.8538998835855646,0.0005735530590961957,19.16384158705164,0.460596546310832,6.756756756756757,0.071,0.077,0.895,0.2443769299572143,0.2550460858585859,1
2203838767,2203838767,BecauseBot,151953015.71517992,1,0.0,4.788722333513435,1.0,6.578947368421052,0.02,0.014,0.0,0.3130714842833133,-0.0016896645021644973,1
2744635545,2744635545,scheideggermaia,128639956.01269388,0.029239766081871343,0.019477618600497293,0.09671645098177967,0.028409090909090908,1.303030303030303,0.6201550387596899,1.1472868217054264,0.15503875968992248,0.2270549395092055,0.10102760719039791,1
51417900,51417900,thedreamstream,290752718.7162721,0.6468842729970327,0.0,2.777552015904171,0.3927927927927928,71.42857142857143,0.039,0.809,0.0,0.4059484896766625,0.04226112012987012,1
1912617043,1912617043,_primes_,156531300.0569241,10497.0,0.0,23.741725767616597,0.9999047437607164,23.25581395348837,0.0,0.0,0.0,0.0,0.0,1
3027305319,3027305319,TwoJournalists,113329036.66126895,1,0.0,2.0973124540926333,1.0,35.714285714285715,0.055,0.776,0.21,0.046851447014801526,0.08908256257631259,1
2584769029,2584769029,howxisthatybot,133289744.99448705,1,0.0012964238172047454,23.77317174799202,1.0,23.25581395348837,0.0,0.0,0.0,0.0015326633165829145,-0.013375000000000001,1
21437491,21437491,nz_quake,301686479.19346595,934.5,0.0005727800611481384,1.474049487364734,0.9989310529128808,3.236245954692557,0.978,0.025,0.995,0.5416391384231007,0.01668181818181818,1
20065936,20065936,mental_floss,303088061.6299689,48.60586199278298,1.2528635999645492,22.131358008384016,0.979841092164763,47.61904761904762,0.044,0.013,0.96,0.5472837589997827,0.04122008026695528,1
2153665453,2153665453,lawandorderexo,154207329.22614002,1,0.0005602846533532607,0.22075215342118468,1.0,17.130434782608695,0.0,0.0,0.0,0.1463824896424223,-0.031395833333333345,1
2820113721,2820113721,ChIP_seq,123978160.48361397,1,0.0,1.448151830125996,1.0,2.207505518763797,0.0,0.0,1.0,0.22883092427310348,-0.0010800865800865813,1
2875327857,2875327857,LegoSpaceBot,120953320.92695689,17.2667638483965,0.0028573006292957107,5.763889694446773,0.9452557657010614,4.016064257028113,1.0,0.088,0.0,0.47940383977317447,-0.03158333333333334,1
1948423238,1948423238,exoslash,155570271.73306108,1,0.0,7.565332289317342,1.0,23.25581395348837,0.0,0.0,0.15,0.08389399739439035,0.020449404761904762,1
2185110726,2185110726,trendagainst,152818893.739877,19.666666666666668,0.0,3.39225070482713,0.9516129032258065,3.816793893129771,0.583,0.002,0.0,0.027766561477332294,0.013842640692640695,1
3347203689,3347203689,RestroomGender,101476418.78057909,419.75,0.12345725391717954,2.124316196712848,0.9976232917409388,5.747126436781609,0.019,0.061,0.05,0.4475104061179383,0.006152056277056277,1
4047811714,"""4047811714""","""Gravity_Ireland""",90971620.28828096,0.9413425345043914,0.06173353824196377,2.8463909863256216,0.4848925513006948,3.003003003003003,0.651,0.86,1.0,0.458346627268725,0.033506060606060616,1
767839495,767839495,EquestrianBot,191463263.30552197,51.0,0.0,47.14735058910726,0.9807692307692307,45.45454545454545,0.019,0.0,0.0,0.040413540709255985,0.01886309523809524,1
2400443496,2400443496,NailbiterBot,141504086.10273695,1273.0,0.0,0.13921294107152274,0.9992150706436421,4.56,0.4824561403508772,0.31140350877192985,0.595,0.3831682920932813,-0.0022613636363636364,1
2878888502,2878888502,TinyCrossword,122480969.67856908,149.0,0.0,1.8806382787831881,0.9933333333333333,1.996007984031936,0.0,0.005,0.0,0.41682757542202376,0.022845813561438565,1
2570899740,2570899740,businessman_exe,133932940.61838388,1,0.0012901979095072684,11.613716482429677,1.0,10.526315789473685,0.0,0.0,0.0,0.3013770085072648,0.0025,1
2474042306,2474042306,supervocalic,137819098.4251089,6.461538461538462,0.9817391170464195,0.07334832483680145,0.865979381443299,2.0625,0.020202020202020204,0.7575757575757576,0.21212121212121213,0.15907931720522617,-0.026984126984126982,1
2372286949,2372286949,BioinformaticsP,142894257.7566781,11.222222222222221,0.0006046429111736797,2.9415877628599514,0.9181818181818182,7.352941176470588,0.0,0.001,0.99,0.2083898754085697,-0.0024918831168831168,1
3180272609,3180272609,AvengerEngineer,107475240.87773299,1.7812775978804827,0.07074373537482577,0.7202998510891351,0.6404530059271804,1.1563307493540051,2.0268156424581005,0.15083798882681565,0.48,0.23516867799234067,0.11102438492063495,1
2277757998,2277757998,flippedconcept,147917458.5821221,9.933333333333334,0.0023364381954150922,2.9439121262230166,0.9085365853658537,3.717472118959108,0.0,0.02,0.0,0.10267526116999581,0.0,1
2720832374,2720832374,rulesofcards,129212018.33365107,62.0,0.0,4.197900528102316,0.9841269841269841,5.9880239520958085,0.0,0.0,0.0,0.019602152300744295,-0.0043137175324675335,1
3052517302,3052517302,TransxnNoiseBot,112249127.03806901,1,0.0,0.3202020447589782,1.0,3.8878504672897196,0.0,0.0,1.0,0.2810777588902502,-0.011870129870129873,1
3317221923,3317221923,future_junk,102917449.546139,29.066666666666666,0.08982733288445373,2.330473608291996,0.9667405764966741,2.0964360587002098,0.0,0.049,0.015,0.10555586179265918,-0.013803571428571429,1
177502839,177502839,metagenomics,255254360.52027798,5.757068667051356,25.380349181088086,6.875325445657107,0.8520068317677199,8.771929824561404,0.132,0.26,0.835,0.27705750031760207,0.06299238816738822,1
3003428519,3003428519,sRNAPapers,114392409.68124604,22.0,0.0015105897365175404,5.299148795703532,0.9565217391304348,7.352941176470588,0.0,0.0,1.0,0.2194918441465438,-0.015232756132756133,1
2617339802,2617339802,winter_py,131773409.45825505,1,0.0,3.2960579967204517,1.0,10.416666666666666,0.0,0.0,0.0,0.0,0.0,1
2352006876,2352006876,saikoa0709,144023324.07029104,0.09523809523809523,0.0017997084963370003,0.0005999028321123335,0.08695652173913043,1.0,0.0,1.0,1.0,1.0,0.0,1
2901778089,2901778089,BMPBug,119362565.85489392,4.853658536585366,0.0,83.49986722065223,0.8291666666666667,111.11111111111111,0.287,0.71,0.265,0.31248144931346056,0.07835606060606058,1
2795689592,2795689592,NeuroGen_papers,126772634.08045602,1,0.0,21.03762550447123,1.0,9.523809523809524,0.0,0.0,1.0,0.2585152936468351,0.005361507936507937,1
2669568144,2669568144,pooledseq,130818858.76487899,1,0.0,10.744946204785066,1.0,9.900990099009901,0.0,0.0,1.0,0.2689452225588183,0.01092535173160173,1
288979145,288979145,lesliehandsome,232924362.75036693,1,0.0007418717302028029,0.0014837434604056058,1.0,1.0,1.0,0.25,0.75,0.31613824767866133,0.1,1
68956490,68956490,RedScareBot,285572283.351753,89.61486486486487,0.8625711049716545,755.6310460781116,0.9889642830512266,90.9090909090909,0.222,1.476,0.195,0.11900097384842788,0.045362193362193354,1
3312790286,3312790286,AnimalVidBot,97527191.33422899,1,0.0,0.7787120592833628,1.0,3.8552631578947367,0.0,0.0,1.0,0.5935774946463193,0.008868055555555556,1
4790723008,4790723008,classifybot,84197392.74737,7.2727272727272725,0.0020523200821488336,11.41705661699396,0.8791208791208791,11.235955056179776,0.0,0.0,1.045,0.2986161285965191,0.003102272727272727,1
3266483216,3266483216,fontcriticbot,100986732.80131793,12.0,0.0,0.6733240903414256,0.9230769230769231,2.0025445292620865,0.0,0.0,1.0,0.6137638301142707,0.08095292207792211,1
239223019,239223019,QIMRBergh_pubs,241620596.7881379,33.666666666666664,0.0,0.607895195825503,0.9711538461538461,1.890359168241966,0.0,0.0,0.995,0.19213672451818406,0.00771539502164503,1
2789910212,2789910212,TC_papers,127018009.52999711,1,0.0,11.503855283253495,1.0,8.333333333333334,0.0,0.0,1.0,0.21961215919072055,0.009148629148629149,1
129845242,129845242,Inspire_Us,266376970.09507895,24.3267499623664,1.3629286340722855,27.2650597287283,0.9605160551004008,23.25581395348837,0.017,0.182,0.025,0.03590503069738471,0.13031801046176048,1
42805105,42805105,swear_bot,293464931.68473005,324.0,0.0,93.70559351719257,0.9969230769230769,18.867924528301888,0.0,0.66,0.0,0.2751569228013781,-0.029875000000000006,1
3350730149,3350730149,GIFsofWikipedia,101275044.18190694,250.3448275862069,1.0732278704788556,4.887537734478031,0.9960214021127727,13.157894736842104,0.0,0.03,0.045,0.6896858252177268,0.0002500000000000002,1
3242711672,3242711672,RoboRosewater,102797215.83404589,6010.75,0.03866252570902509,0.7606431688406022,0.9998336590842932,1.0838323353293413,0.004419889502762431,0.039779005524861875,0.02,0.39804930033553976,0.0011623737373737376,1
3238422218,3238422218,Slam140,103214332.89526391,0.7778207109737248,16.458086317563623,15.055118377568881,0.4375135840034775,111.11111111111111,0.0,0.73,0.0,0.033446216171292315,0.05359325396825396,1
1914615907,1914615907,ColorADayBot,156475640.30493093,1,0.0005521626230870731,0.3456538020525078,1.0,1.0016,0.0,0.0,0.0,0.6111256017490752,-0.012041666666666659,1
4307950162,4307950162,Indie_Dev_Bot,88136494.32417393,728.8571428571429,54.50455043436429,54.51043222038239,0.9986298688588765,90.9090909090909,5.246,1.068,0.645,0.353673016981891,0.031344101731601716,1
2374920458,2374920458,aDNA_papers,142770112.89166093,1,0.0,6.173325650227736,1.0,8.333333333333334,0.0,0.0,1.0,0.2274729773358571,0.006796374458874459,1
2361501445,2361501445,CointraqBot,143503750.00428605,3.2857142857142856,0.0,3.820164978153021,0.7666666666666667,16.666666666666668,1.974,0.0,0.0,0.4804829976068352,0.0,1
1850074248,1850074248,LifehackLifehax,158080681.893013,1,0.0,6.324750045528435,1.0,40.0,1.164,0.0,0.0,0.028488169931910817,0.0717234217171717,1
3038750682,3038750682,DifferenceJoke,112108103.97484994,1,0.0,0.06242546035360659,1.0,16.2,0.0,0.0,0.0,0.6289563039011941,-0.07269023272109691,1
2946240832,2946240832,acrotowne,117066898.475739,0.9619377162629758,0.0007380395408519819,8.564210832046399,0.49029982363315694,4.854368932038835,0.084,0.419,0.0,0.2955442976963579,-0.13345833333333318,1
86297248,86297248,raviraju88,279953367.01621294,0.275,0.00030862282858343444,0.0018517369715006068,0.21568627450980393,1.5,1.5,0.5,0.0,0.07587466949238404,0.034027777777777775,1
1937939858,1937939858,AddAWordBot,155875245.26634192,1,0.0,379.5873751402923,1.0,500.0,1.0,0.0,0.0,0.21823080916226278,0.02804292929292929,1
4765790730,4765790730,GraphicScoreBot,83948340.8906579,756.0,0.0,23.458655395763195,0.9986789960369881,23.25581395348837,0.0,0.0,0.0,0.488112868701991,-0.0023214285714285715,1
386263630,386263630,johnhall,218918428.82906795,1.1043485161085542,0.5837133067484936,1.3627870508468887,0.5247935442512915,2.898550724637681,1.045,1.188,0.745,0.22468040504533038,0.18968895502645503,1
3169494832,3169494832,OMG_wikipedia,107771687.24284005,1,0.0,22.004116857301483,1.0,22.727272727272727,0.0,0.0,0.0,0.012072627621170959,0.0340860028860029,1
2465112602,2465112602,abotcalledquest,138317148.7448709,1.8,0.0,0.01686558768141543,0.6428571428571429,4.5,0.0,1.0,0.0,0.4629629629629629,0.0,1
575930104,575930104,metaphorminute,200238858.62315798,929.0,1.0467818356599374,693.1961046643071,0.9989247311827957,500.0,0.0,0.0,0.0,0.00982067339286204,0.008516534391534391,1
2244682986,2244682986,aportraitofthe,149880938.87895393,1,0.0005764575578871836,4.978863927471604,1.0,25.0,0.0,0.0,0.0,0.6675460636514352,0.10118750000000006,1
2553099692,2553099692,JEveryword,134697008.8440199,235.0,0.0,46.605720898149755,0.9957627118644068,45.45454545454545,0.0,0.0,0.0,0.0019702063709138968,0.0,1
2288902454,2288902454,PedanticMagick,147284532.43748498,1,0.0,18.298426558429863,1.0,11.363636363636363,0.0,0.0,0.0,0.045060097094840865,0.0050750000000000005,1
2900522030,2900522030,blahfuture,120797073.88309503,1,0.0,7.595945584642256,1.0,6.622516556291391,0.0,0.0,0.0,0.3399449760950764,0.020361715367965372,1
2614979671,2614979671,mnemosynetron,131889015.06847692,3.269230769230769,0.08254212827617045,0.1382253100497775,0.7657657657657657,5.410256410256411,0.0,0.9241706161137441,0.01,0.1316022568425254,0.20593181818181827,1
2961844870,2961844870,cyclicdigmp,116408522.03151393,16.0,0.0,0.2850100612996204,0.9411764705882353,1.292929292929293,0.8776041666666666,0.0,1.0,0.4734173185866161,0.00919842171717172,1
2620118677,2620118677,yes_ofc,131734226.79958296,1,0.5765062113701223,0.30628942060278397,1.0,8.339285714285714,0.0,1.4775160599571735,0.0,0.2762017565744415,0.069375,1
3302130449,3302130449,justdidathing,104019406.66897392,95.0,0.0,23.452392953589456,0.9895833333333334,23.80952380952381,0.012,0.0,0.0,0.24849954517257586,0.04747943722943723,1
2938368655,2938368655,realdinogenera,117687115.76340008,1,0.0,11.982062699496817,1.0,11.904761904761905,0.0,0.0,0.0,0.0,0.0,1
4888553495,"""4888553495""","""letsgovelo""",81918153.46192503,0.6519721577726219,0.1961762969604705,0.28055319887895247,0.3946629213483146,2.180327868852459,1.4248120300751879,0.8157894736842105,0.59,0.24878092823624967,0.28240264550264543,1